,StartTime,NumberOfRequests,Multiplier
0,12/1/2017 0:15,6924,5.1
1,12/1/2017 0:30,5687,4.2
2,12/1/2017 0:45,4924,3.7
3,12/1/2017 1:00,4527,3.4
4,12/1/2017 1:15,3910,3
5,12/1/2017 1:30,3456,2.7
6,12/1/2017 1:45,3160,2.5
7,12/1/2017 2:00,2757,2.2
8,12/1/2017 2:15,2576,2.1
9,12/1/2017 2:30,2383,2
10,12/1/2017 2:45,2053,1.7
11,12/1/2017 3:00,1876,1.6
12,12/1/2017 3:15,1721,1.5
13,12/1/2017 3:30,1645,1.4
14,12/1/2017 3:45,1517,1.4
15,12/1/2017 4:00,1619,1.4
16,12/1/2017 4:15,1778,1.5
17,12/1/2017 4:30,1862,1.6
18,12/1/2017 4:45,1912,1.6
19,12/1/2017 5:00,1988,1.7
20,12/1/2017 5:15,1996,1.7
21,12/1/2017 5:30,2319,1.9
22,12/1/2017 5:45,2788,2.2
23,12/1/2017 6:00,3192,2.5
24,12/1/2017 6:15,3508,2.7
25,12/1/2017 6:30,4155,3.2
26,12/1/2017 6:45,4892,3.7
27,12/1/2017 7:00,5718,4.3
28,12/1/2017 7:15,6555,4.8
29,12/1/2017 7:30,7553,5.5
30,12/1/2017 7:45,8630,6.3
31,12/1/2017 8:00,9110,6.6
32,12/1/2017 8:15,9171,6.7
33,12/1/2017 8:30,9428,6.8
34,12/1/2017 8:45,9446,6.8
35,12/1/2017 9:00,9311,6.8
36,12/1/2017 9:15,8627,6.3
37,12/1/2017 9:30,8341,6.1
38,12/1/2017 9:45,7935,5.8
39,12/1/2017 10:00,7769,5.7
40,12/1/2017 10:15,6987,5.1
41,12/1/2017 10:30,6928,5.1
42,12/1/2017 10:45,6757,5
43,12/1/2017 11:00,6561,4.8
44,12/1/2017 11:15,6412,4.7
45,12/1/2017 11:30,6346,4.7
46,12/1/2017 11:45,6355,4.7
47,12/1/2017 12:00,6657,4.9
48,12/1/2017 12:15,6374,4.7
49,12/1/2017 12:30,6600,4.9
50,12/1/2017 12:45,6581,4.9
51,12/1/2017 13:00,6681,4.9
52,12/1/2017 13:15,6629,4.9
53,12/1/2017 13:30,6779,5
54,12/1/2017 13:45,6769,5
55,12/1/2017 14:00,7001,5.2
56,12/1/2017 14:16,6835,5
57,12/1/2017 14:31,7265,5.3
58,12/1/2017 14:46,7195,5.3
59,12/1/2017 15:01,7343,5.4
60,12/1/2017 15:16,7514,5.5
61,12/1/2017 15:31,7587,5.6
62,12/1/2017 15:46,7591,5.6
63,12/1/2017 16:01,7561,5.5
64,12/1/2017 16:16,7758,5.7
65,12/1/2017 16:31,7583,5.6
66,12/1/2017 16:46,7866,5.8
67,12/1/2017 17:01,8178,6
68,12/1/2017 17:16,8944,6.5
69,12/1/2017 17:31,9184,6.7
70,12/1/2017 17:46,9663,7
71,12/1/2017 18:01,9620,7
72,12/1/2017 18:16,10224,7.4
73,12/1/2017 18:31,10466,7.6
74,12/1/2017 18:46,10566,7.6
75,12/1/2017 19:01,10930,7.9
76,12/1/2017 19:16,10190,7.4
77,12/1/2017 19:31,10614,7.7
78,12/1/2017 19:46,11030,7.9
79,12/1/2017 20:01,10897,7.9
80,12/1/2017 20:16,10788,7.8
81,12/1/2017 20:31,10835,7.8
82,12/1/2017 20:46,10443,7.5
83,12/1/2017 21:01,10335,7.5
84,12/1/2017 21:16,10278,7.4
85,12/1/2017 21:31,10316,7.4
86,12/1/2017 21:46,10408,7.5
87,12/1/2017 22:01,10649,7.7
88,12/1/2017 22:16,10705,7.7
89,12/1/2017 22:31,10736,7.7
90,12/1/2017 22:46,11025,7.9
91,12/1/2017 23:01,10723,7.7
92,12/1/2017 23:16,10895,7.8
93,12/1/2017 23:31,11024,7.9
94,12/1/2017 23:46,10560,7.6
95,12/2/2017 0:01,10677,7.7
96,12/2/2017 0:16,10288,7.4
97,12/2/2017 0:31,9836,7.1
98,12/2/2017 0:46,9444,6.8
99,12/2/2017 1:01,8512,6.2
100,12/2/2017 1:16,8107,5.9
101,12/2/2017 1:31,7536,5.5
102,12/2/2017 1:46,6953,5.1
103,12/2/2017 2:01,6673,4.9
104,12/2/2017 2:16,6236,4.6
105,12/2/2017 2:31,5655,4.2
106,12/2/2017 2:46,5126,3.9
107,12/2/2017 3:01,4721,3.6
108,12/2/2017 3:16,4466,3.4
109,12/2/2017 3:31,4253,3.2
110,12/2/2017 3:46,3878,3
111,12/2/2017 4:01,3753,2.9
112,12/2/2017 4:16,3750,2.9
113,12/2/2017 4:31,3512,2.7
114,12/2/2017 4:46,3044,2.4
115,12/2/2017 5:01,2609,2.1
116,12/2/2017 5:17,2371,1.9
117,12/2/2017 5:32,2431,2
118,12/2/2017 5:47,2440,2
119,12/2/2017 6:02,2419,2
120,12/2/2017 6:17,2527,2.1
121,12/2/2017 6:32,2759,2.2
122,12/2/2017 6:47,3058,2.4
123,12/2/2017 7:02,3303,2.6
124,12/2/2017 7:17,3601,2.8
125,12/2/2017 7:32,4138,3.2
126,12/2/2017 7:47,4621,3.5
127,12/2/2017 8:02,4714,3.6
128,12/2/2017 8:17,4716,3.6
129,12/2/2017 8:32,5220,3.9
130,12/2/2017 8:47,5714,4.3
131,12/2/2017 9:02,5968,4.4
132,12/2/2017 9:17,5820,4.3
133,12/2/2017 9:32,6317,4.7
134,12/2/2017 9:47,6668,4.9
135,12/2/2017 10:02,7004,5.2
136,12/2/2017 10:17,6553,4.8
137,12/2/2017 10:32,6649,4.9
138,12/2/2017 10:47,6907,5.1
139,12/2/2017 11:02,7093,5.2
140,12/2/2017 11:17,7183,5.3
141,12/2/2017 11:32,7190,5.3
142,12/2/2017 11:47,7174,5.3
143,12/2/2017 12:02,7244,5.3
144,12/2/2017 12:17,7307,5.4
145,12/2/2017 12:32,7388,5.4
146,12/2/2017 12:47,7676,5.6
147,12/2/2017 13:02,8053,5.9
148,12/2/2017 13:17,7787,5.7
149,12/2/2017 13:32,8033,5.9
150,12/2/2017 13:47,8059,5.9
151,12/2/2017 14:02,8113,5.9
152,12/2/2017 14:17,8060,5.9
153,12/2/2017 14:32,8099,5.9
154,12/2/2017 14:47,8048,5.9
155,12/2/2017 15:02,8120,5.9
156,12/2/2017 15:17,8034,5.9
157,12/2/2017 15:32,8068,5.9
158,12/2/2017 15:47,8414,6.1
159,12/2/2017 16:02,8736,6.4
160,12/2/2017 16:17,8603,6.3
161,12/2/2017 16:32,8870,6.4
162,12/2/2017 16:47,8926,6.5
163,12/2/2017 17:02,9346,6.8
164,12/2/2017 17:17,9829,7.1
165,12/2/2017 17:32,10256,7.4
166,12/2/2017 17:47,10306,7.4
167,12/2/2017 18:02,10436,7.5
168,12/2/2017 18:17,11038,7.9
169,12/2/2017 18:32,10834,7.8
170,12/2/2017 18:47,11187,8.1
171,12/2/2017 19:02,11521,8.3
172,12/2/2017 19:17,11544,8.3
173,12/2/2017 19:32,11623,8.4
174,12/2/2017 19:47,11731,8.4
175,12/2/2017 20:02,11772,8.5
176,12/2/2017 20:18,11643,8.4
177,12/2/2017 20:33,11278,8.1
178,12/2/2017 20:48,10829,7.8
179,12/2/2017 21:03,10940,7.9
180,12/2/2017 21:18,10717,7.7
181,12/2/2017 21:33,10842,7.8
182,12/2/2017 21:48,10709,7.7
183,12/2/2017 22:03,10742,7.7
184,12/2/2017 22:18,11062,8
185,12/2/2017 22:33,11209,8.1
186,12/2/2017 22:48,11307,8.1
187,12/2/2017 23:03,11383,8.2
188,12/2/2017 23:18,11895,8.5
189,12/2/2017 23:33,11962,8.6
190,12/2/2017 23:48,11529,8.3
191,12/3/2017 0:03,11254,8.1
192,12/3/2017 0:18,11320,8.1
193,12/3/2017 0:33,11199,8.1
194,12/3/2017 0:48,10801,7.8
195,12/3/2017 1:03,10380,7.5
196,12/3/2017 1:18,9695,7
197,12/3/2017 1:33,9216,6.7
198,12/3/2017 1:48,8854,6.4
199,12/3/2017 2:03,8139,5.9
200,12/3/2017 2:18,7687,5.6
201,12/3/2017 2:33,7003,5.2
202,12/3/2017 2:48,6425,4.8
203,12/3/2017 3:03,5809,4.3
204,12/3/2017 3:18,5503,4.1
205,12/3/2017 3:33,5022,3.8
206,12/3/2017 3:48,4772,3.6
207,12/3/2017 4:03,4479,3.4
208,12/3/2017 4:18,4393,3.3
209,12/3/2017 4:33,3901,3
210,12/3/2017 4:48,3365,2.6
211,12/3/2017 5:03,2992,2.4
212,12/3/2017 5:18,2610,2.1
213,12/3/2017 5:33,2555,2.1
214,12/3/2017 5:48,2418,2
215,12/3/2017 6:03,2402,2
216,12/3/2017 6:18,2359,1.9
217,12/3/2017 6:33,2556,2.1
218,12/3/2017 6:48,2737,2.2
219,12/3/2017 7:03,2722,2.2
220,12/3/2017 7:18,2791,2.2
221,12/3/2017 7:33,3038,2.4
222,12/3/2017 7:48,3450,2.7
223,12/3/2017 8:03,3481,2.7
224,12/3/2017 8:18,3429,2.7
225,12/3/2017 8:33,3744,2.9
226,12/3/2017 8:48,4364,3.3
227,12/3/2017 9:03,4570,3.5
228,12/3/2017 9:18,4771,3.6
229,12/3/2017 9:33,5304,4
230,12/3/2017 9:48,6013,4.5
231,12/3/2017 10:03,6372,4.7
232,12/3/2017 10:18,6260,4.6
233,12/3/2017 10:33,6657,4.9
234,12/3/2017 10:48,7251,5.3
235,12/3/2017 11:03,7477,5.5
236,12/3/2017 11:19,7282,5.3
237,12/3/2017 11:34,7462,5.5
238,12/3/2017 11:49,7723,5.7
239,12/3/2017 12:04,7726,5.7
240,12/3/2017 12:19,7715,5.6
241,12/3/2017 12:34,7963,5.8
242,12/3/2017 12:49,7963,5.8
243,12/3/2017 13:04,8065,5.9
244,12/3/2017 13:19,8057,5.9
245,12/3/2017 13:34,7946,5.8
246,12/3/2017 13:49,7981,5.8
247,12/3/2017 14:04,7780,5.7
248,12/3/2017 14:19,7883,5.8
249,12/3/2017 14:34,8118,5.9
250,12/3/2017 14:49,8257,6
251,12/3/2017 15:04,8288,6
252,12/3/2017 15:19,8272,6
253,12/3/2017 15:34,8096,5.9
254,12/3/2017 15:49,7972,5.8
255,12/3/2017 16:04,8121,5.9
256,12/3/2017 16:19,8408,6.1
257,12/3/2017 16:34,8336,6.1
258,12/3/2017 16:49,8348,6.1
259,12/3/2017 17:04,8402,6.1
260,12/3/2017 17:19,8561,6.2
261,12/3/2017 17:34,8415,6.1
262,12/3/2017 17:49,8283,6
263,12/3/2017 18:04,8251,6
264,12/3/2017 18:19,8482,6.2
265,12/3/2017 18:34,8319,6.1
266,12/3/2017 18:49,8133,5.9
267,12/3/2017 19:04,8165,6
268,12/3/2017 19:19,8044,5.9
269,12/3/2017 19:34,7924,5.8
270,12/3/2017 19:49,7724,5.7
271,12/3/2017 20:04,7324,5.4
272,12/3/2017 20:19,7160,5.3
273,12/3/2017 20:34,7100,5.2
274,12/3/2017 20:49,6929,5.1
275,12/3/2017 21:04,6932,5.1
276,12/3/2017 21:19,6728,5
277,12/3/2017 21:34,6838,5
278,12/3/2017 21:49,6808,5
279,12/3/2017 22:04,6801,5
280,12/3/2017 22:19,6717,5
281,12/3/2017 22:34,6352,4.7
282,12/3/2017 22:49,6311,4.7
283,12/3/2017 23:04,6060,4.5
284,12/3/2017 23:19,5685,4.2
285,12/3/2017 23:34,5310,4
286,12/3/2017 23:49,4770,3.6
287,12/4/2017 0:04,4313,3.3
288,12/4/2017 0:19,3990,3.1
289,12/4/2017 0:34,3544,2.8
290,12/4/2017 0:49,2956,2.4
291,12/4/2017 1:04,2601,2.1
292,12/4/2017 1:19,2328,1.9
293,12/4/2017 1:34,2011,1.7
294,12/4/2017 1:49,1817,1.6
295,12/4/2017 2:05,1602,1.4
296,12/4/2017 2:20,1485,1.3
297,12/4/2017 2:35,1345,1.2
298,12/4/2017 2:50,1156,1.1
299,12/4/2017 3:05,1102,1.1
300,12/4/2017 3:20,1081,1.1
301,12/4/2017 3:35,1066,1
302,12/4/2017 3:50,1201,1.1
303,12/4/2017 4:05,1364,1.2
304,12/4/2017 4:20,1591,1.4
305,12/4/2017 4:35,1779,1.5
306,12/4/2017 4:50,1874,1.6
307,12/4/2017 5:05,2146,1.8
308,12/4/2017 5:20,2265,1.9
309,12/4/2017 5:35,2674,2.2
310,12/4/2017 5:50,3090,2.4
311,12/4/2017 6:05,3366,2.6
312,12/4/2017 6:20,3909,3
313,12/4/2017 6:35,4533,3.4
314,12/4/2017 6:50,5302,4
315,12/4/2017 7:05,6102,4.5
316,12/4/2017 7:20,6978,5.1
317,12/4/2017 7:35,8040,5.9
318,12/4/2017 7:50,8718,6.3
319,12/4/2017 8:05,9330,6.8
320,12/4/2017 8:20,9324,6.8
321,12/4/2017 8:35,9194,6.7
322,12/4/2017 8:50,9413,6.8
323,12/4/2017 9:05,9211,6.7
324,12/4/2017 9:20,8460,6.2
325,12/4/2017 9:35,8027,5.9
326,12/4/2017 9:50,7692,5.6
327,12/4/2017 10:05,7110,5.2
328,12/4/2017 10:20,6592,4.9
329,12/4/2017 10:35,6284,4.7
330,12/4/2017 10:50,6154,4.6
331,12/4/2017 11:05,5926,4.4
332,12/4/2017 11:20,5671,4.2
333,12/4/2017 11:35,5764,4.3
334,12/4/2017 11:50,5904,4.4
335,12/4/2017 12:05,5752,4.3
336,12/4/2017 12:20,5721,4.3
337,12/4/2017 12:35,5848,4.4
338,12/4/2017 12:50,5664,4.2
339,12/4/2017 13:05,5727,4.3
340,12/4/2017 13:20,5733,4.3
341,12/4/2017 13:35,5889,4.4
342,12/4/2017 13:50,5965,4.4
343,12/4/2017 14:05,6111,4.5
344,12/4/2017 14:20,6305,4.7
345,12/4/2017 14:35,6363,4.7
346,12/4/2017 14:50,6302,4.7
347,12/4/2017 15:05,6629,4.9
348,12/4/2017 15:21,6838,5
349,12/4/2017 15:36,6870,5.1
350,12/4/2017 15:51,6915,5.1
351,12/4/2017 16:06,6844,5
352,12/4/2017 16:21,7037,5.2
353,12/4/2017 16:36,6965,5.1
354,12/4/2017 16:51,6905,5.1
355,12/4/2017 17:06,7455,5.5
356,12/4/2017 17:21,7982,5.8
357,12/4/2017 17:36,8077,5.9
358,12/4/2017 17:51,8109,5.9
359,12/4/2017 18:06,8243,6
360,12/4/2017 18:21,8784,6.4
361,12/4/2017 18:36,8517,6.2
362,12/4/2017 18:51,8632,6.3
363,12/4/2017 19:06,8347,6.1
364,12/4/2017 19:21,8278,6
365,12/4/2017 19:36,7938,5.8
366,12/4/2017 19:51,7702,5.6
367,12/4/2017 20:06,7615,5.6
368,12/4/2017 20:21,7869,5.8
369,12/4/2017 20:36,7472,5.5
370,12/4/2017 20:51,7227,5.3
371,12/4/2017 21:06,7373,5.4
372,12/4/2017 21:21,7381,5.4
373,12/4/2017 21:36,7020,5.2
374,12/4/2017 21:51,7275,5.3
375,12/4/2017 22:06,6694,4.9
376,12/4/2017 22:21,6974,5.1
377,12/4/2017 22:36,6718,5
378,12/4/2017 22:51,6226,4.6
379,12/4/2017 23:06,5946,4.4
380,12/4/2017 23:21,5716,4.3
381,12/4/2017 23:36,5352,4
382,12/4/2017 23:51,4852,3.7
383,12/5/2017 0:06,4611,3.5
384,12/5/2017 0:21,4181,3.2
385,12/5/2017 0:36,3576,2.8
386,12/5/2017 0:51,3172,2.5
387,12/5/2017 1:06,2757,2.2
388,12/5/2017 1:21,2431,2
389,12/5/2017 1:36,2042,1.7
390,12/5/2017 1:51,1857,1.6
391,12/5/2017 2:06,1690,1.5
392,12/5/2017 2:21,1550,1.4
393,12/5/2017 2:36,1296,1.2
394,12/5/2017 2:51,1224,1.2
395,12/5/2017 3:06,1180,1.1
396,12/5/2017 3:21,1061,1
397,12/5/2017 3:36,1007,1
398,12/5/2017 3:51,1008,1
399,12/5/2017 4:06,1239,1.2
400,12/5/2017 4:21,1301,1.2
401,12/5/2017 4:36,1479,1.3
402,12/5/2017 4:51,1649,1.4
403,12/5/2017 5:06,1792,1.5
404,12/5/2017 5:22,1980,1.7
405,12/5/2017 5:37,2476,2
406,12/5/2017 5:52,2864,2.3
407,12/5/2017 6:07,3063,2.4
408,12/5/2017 6:22,3664,2.8
409,12/5/2017 6:37,4520,3.4
410,12/5/2017 6:52,5330,4
411,12/5/2017 7:07,5917,4.4
412,12/5/2017 7:22,6810,5
413,12/5/2017 7:37,8114,5.9
414,12/5/2017 7:52,8968,6.5
415,12/5/2017 8:07,9419,6.8
416,12/5/2017 8:22,9391,6.8
417,12/5/2017 8:37,9567,6.9
418,12/5/2017 8:52,9490,6.9
419,12/5/2017 9:07,9046,6.6
420,12/5/2017 9:22,8287,6
421,12/5/2017 9:37,8196,6
422,12/5/2017 9:52,7730,5.7
423,12/5/2017 10:07,7059,5.2
424,12/5/2017 10:22,6638,4.9
425,12/5/2017 10:37,6324,4.7
426,12/5/2017 10:52,6309,4.7
427,12/5/2017 11:07,5940,4.4
428,12/5/2017 11:22,5697,4.2
429,12/5/2017 11:37,5644,4.2
430,12/5/2017 11:52,5886,4.4
431,12/5/2017 12:07,5831,4.3
432,12/5/2017 12:22,5690,4.2
433,12/5/2017 12:37,5893,4.4
434,12/5/2017 12:52,5672,4.2
435,12/5/2017 13:07,5855,4.4
436,12/5/2017 13:22,5687,4.2
437,12/5/2017 13:37,6008,4.5
438,12/5/2017 13:52,6104,4.5
439,12/5/2017 14:07,6574,4.9
440,12/5/2017 14:22,6529,4.8
441,12/5/2017 14:37,6631,4.9
442,12/5/2017 14:52,6587,4.9
443,12/5/2017 15:07,6998,5.1
444,12/5/2017 15:22,7318,5.4
445,12/5/2017 15:37,7444,5.5
446,12/5/2017 15:52,7248,5.3
447,12/5/2017 16:07,7231,5.3
448,12/5/2017 16:22,7163,5.3
449,12/5/2017 16:37,7193,5.3
450,12/5/2017 16:52,7362,5.4
451,12/5/2017 17:07,8031,5.9
452,12/5/2017 17:22,8503,6.2
453,12/5/2017 17:37,8257,6
454,12/5/2017 17:52,8651,6.3
455,12/5/2017 18:07,9025,6.6
456,12/5/2017 18:22,9196,6.7
457,12/5/2017 18:37,9211,6.7
458,12/5/2017 18:52,9682,7
459,12/5/2017 19:07,9473,6.9
460,12/5/2017 19:22,10404,7.5
461,12/5/2017 19:37,10573,7.6
462,12/5/2017 19:52,11486,8.3
463,12/5/2017 20:07,11776,8.5
464,12/5/2017 20:23,11427,8.2
465,12/5/2017 20:38,11406,8.2
466,12/5/2017 20:53,11464,8.2
467,12/5/2017 21:08,12022,8.6
468,12/5/2017 21:23,12095,8.7
469,12/5/2017 21:38,11350,8.2
470,12/5/2017 21:53,10433,7.5
471,12/5/2017 22:08,10324,7.5
472,12/5/2017 22:23,9707,7
473,12/5/2017 22:38,9253,6.7
474,12/5/2017 22:53,9054,6.6
475,12/5/2017 23:08,8877,6.5
476,12/5/2017 23:23,8158,6
477,12/5/2017 23:38,7269,5.3
478,12/5/2017 23:53,6279,4.7
479,12/6/2017 0:08,5581,4.2
480,12/6/2017 0:23,5067,3.8
481,12/6/2017 0:38,4149,3.2
482,12/6/2017 0:53,3489,2.7
483,12/6/2017 1:08,3084,2.4
484,12/6/2017 1:23,2607,2.1
485,12/6/2017 1:38,2310,1.9
486,12/6/2017 1:53,2033,1.7
487,12/6/2017 2:08,1816,1.6
488,12/6/2017 2:23,1719,1.5
489,12/6/2017 2:38,1427,1.3
490,12/6/2017 2:53,1268,1.2
491,12/6/2017 3:08,1183,1.1
492,12/6/2017 3:23,1159,1.1
493,12/6/2017 3:38,1079,1
494,12/6/2017 3:53,1075,1
495,12/6/2017 4:08,1257,1.2
496,12/6/2017 4:23,1373,1.3
497,12/6/2017 4:38,1564,1.4
498,12/6/2017 4:53,1695,1.5
499,12/6/2017 5:08,1929,1.6
500,12/6/2017 5:23,2065,1.7
501,12/6/2017 5:38,2475,2
502,12/6/2017 5:53,2800,2.2
503,12/6/2017 6:08,3144,2.5
504,12/6/2017 6:23,3709,2.9
505,12/6/2017 6:38,4388,3.3
506,12/6/2017 6:53,5256,3.9
507,12/6/2017 7:08,6067,4.5
508,12/6/2017 7:23,7124,5.2
509,12/6/2017 7:38,8398,6.1
510,12/6/2017 7:53,8867,6.4
511,12/6/2017 8:08,9439,6.8
512,12/6/2017 8:23,9247,6.7
513,12/6/2017 8:38,9614,7
514,12/6/2017 8:53,9561,6.9
515,12/6/2017 9:08,9500,6.9
516,12/6/2017 9:23,8634,6.3
517,12/6/2017 9:38,8618,6.3
518,12/6/2017 9:53,7781,5.7
519,12/6/2017 10:08,7561,5.5
520,12/6/2017 10:23,6904,5.1
521,12/6/2017 10:38,6793,5
522,12/6/2017 10:53,6401,4.7
523,12/6/2017 11:09,6338,4.7
524,12/6/2017 11:24,6129,4.5
525,12/6/2017 11:39,6195,4.6
526,12/6/2017 11:54,6080,4.5
527,12/6/2017 12:09,6287,4.7
528,12/6/2017 12:24,6220,4.6
529,12/6/2017 12:39,6168,4.6
530,12/6/2017 12:54,6028,4.5
531,12/6/2017 13:09,6132,4.5
532,12/6/2017 13:24,6019,4.5
533,12/6/2017 13:39,6366,4.7
534,12/6/2017 13:54,6386,4.7
535,12/6/2017 14:09,6584,4.9
536,12/6/2017 14:24,6687,4.9
537,12/6/2017 14:39,6748,5
538,12/6/2017 14:54,6907,5.1
539,12/6/2017 15:09,7110,5.2
540,12/6/2017 15:24,7077,5.2
541,12/6/2017 15:39,7207,5.3
542,12/6/2017 15:54,7123,5.2
543,12/6/2017 16:09,7423,5.4
544,12/6/2017 16:24,7423,5.4
545,12/6/2017 16:39,7720,5.6
546,12/6/2017 16:54,7763,5.7
547,12/6/2017 17:09,8475,6.2
548,12/6/2017 17:24,8832,6.4
549,12/6/2017 17:39,9169,6.7
550,12/6/2017 17:54,9249,6.7
551,12/6/2017 18:09,9566,6.9
552,12/6/2017 18:24,10035,7.3
553,12/6/2017 18:39,9916,7.2
554,12/6/2017 18:54,10224,7.4
555,12/6/2017 19:09,10293,7.4
556,12/6/2017 19:24,10374,7.5
557,12/6/2017 19:39,9937,7.2
558,12/6/2017 19:54,9518,6.9
559,12/6/2017 20:09,9619,7
560,12/6/2017 20:24,9637,7
561,12/6/2017 20:39,9208,6.7
562,12/6/2017 20:54,8890,6.5
563,12/6/2017 21:09,9300,6.7
564,12/6/2017 21:24,9153,6.6
565,12/6/2017 21:39,9085,6.6
566,12/6/2017 21:54,8759,6.4
567,12/6/2017 22:09,8835,6.4
568,12/6/2017 22:24,8851,6.4
569,12/6/2017 22:39,8608,6.3
570,12/6/2017 22:54,8232,6
571,12/6/2017 23:09,8069,5.9
572,12/6/2017 23:24,7684,5.6
573,12/6/2017 23:39,7282,5.3
574,12/6/2017 23:54,6739,5
575,12/7/2017 0:09,6343,4.7
576,12/7/2017 0:24,5666,4.2
577,12/7/2017 0:39,4889,3.7
578,12/7/2017 0:54,4088,3.1
579,12/7/2017 1:09,3779,2.9
580,12/7/2017 1:24,3146,2.5
581,12/7/2017 1:39,2769,2.2
582,12/7/2017 1:54,2463,2
583,12/7/2017 2:10,2160,1.8
584,12/7/2017 2:25,2057,1.7
585,12/7/2017 2:40,1729,1.5
586,12/7/2017 2:55,1535,1.4
587,12/7/2017 3:10,1394,1.3
588,12/7/2017 3:25,1320,1.2
589,12/7/2017 3:40,1250,1.2
590,12/7/2017 3:55,1269,1.2
591,12/7/2017 4:10,1496,1.3
592,12/7/2017 4:25,1562,1.4
593,12/7/2017 4:40,1726,1.5
594,12/7/2017 4:55,1790,1.5
595,12/7/2017 5:10,1911,1.6
596,12/7/2017 5:25,2190,1.8
597,12/7/2017 5:40,2682,2.2
598,12/7/2017 5:55,2891,2.3
599,12/7/2017 6:10,3304,2.6
600,12/7/2017 6:25,3864,3
601,12/7/2017 6:40,4807,3.6
602,12/7/2017 6:55,5550,4.1
603,12/7/2017 7:10,6365,4.7
604,12/7/2017 7:25,7322,5.4
605,12/7/2017 7:40,8611,6.3
606,12/7/2017 7:55,9087,6.6
607,12/7/2017 8:10,9674,7
608,12/7/2017 8:25,9681,7
609,12/7/2017 8:40,9821,7.1
610,12/7/2017 8:55,9776,7.1
611,12/7/2017 9:10,9345,6.8
612,12/7/2017 9:25,8751,6.4
613,12/7/2017 9:40,8137,5.9
614,12/7/2017 9:55,7749,5.7
615,12/7/2017 10:10,7401,5.4
616,12/7/2017 10:25,6988,5.1
617,12/7/2017 10:40,6878,5.1
618,12/7/2017 10:55,6583,4.9
619,12/7/2017 11:10,6312,4.7
620,12/7/2017 11:25,6132,4.5
621,12/7/2017 11:40,6321,4.7
622,12/7/2017 11:55,6383,4.7
623,12/7/2017 12:10,6486,4.8
624,12/7/2017 12:25,6338,4.7
625,12/7/2017 12:40,6599,4.9
626,12/7/2017 12:55,6263,4.6
627,12/7/2017 13:10,6421,4.8
628,12/7/2017 13:25,6267,4.6
629,12/7/2017 13:40,6572,4.9
630,12/7/2017 13:55,6588,4.9
631,12/7/2017 14:10,6981,5.1
632,12/7/2017 14:25,6814,5
633,12/7/2017 14:40,7241,5.3
634,12/7/2017 14:55,7225,5.3
635,12/7/2017 15:10,7591,5.6
636,12/7/2017 15:25,7334,5.4
637,12/7/2017 15:40,7558,5.5
638,12/7/2017 15:55,7476,5.5
639,12/7/2017 16:11,7901,5.8
640,12/7/2017 16:26,7782,5.7
641,12/7/2017 16:41,7902,5.8
642,12/7/2017 16:56,7898,5.8
643,12/7/2017 17:11,8843,6.4
644,12/7/2017 17:26,9136,6.6
645,12/7/2017 17:41,9533,6.9
646,12/7/2017 17:56,9782,7.1
647,12/7/2017 18:11,10373,7.5
648,12/7/2017 18:26,10631,7.7
649,12/7/2017 18:41,10947,7.9
650,12/7/2017 18:56,10733,7.7
651,12/7/2017 19:11,10508,7.6
652,12/7/2017 19:26,10570,7.6
653,12/7/2017 19:41,10270,7.4
654,12/7/2017 19:56,10240,7.4
655,12/7/2017 20:11,10427,7.5
656,12/7/2017 20:26,10216,7.4
657,12/7/2017 20:41,10037,7.3
658,12/7/2017 20:56,9758,7.1
659,12/7/2017 21:11,9985,7.2
660,12/7/2017 21:26,10082,7.3
661,12/7/2017 21:41,10039,7.3
662,12/7/2017 21:56,9334,6.8
663,12/7/2017 22:11,9960,7.2
664,12/7/2017 22:26,9964,7.2
665,12/7/2017 22:41,9762,7.1
666,12/7/2017 22:56,9519,6.9
667,12/7/2017 23:11,9375,6.8
668,12/7/2017 23:26,8766,6.4
669,12/7/2017 23:41,8743,6.4
670,12/7/2017 23:56,8316,6.1
671,12/8/2017 0:11,7707,5.6
672,12/8/2017 0:26,7047,5.2
673,12/8/2017 0:41,6190,4.6
674,12/8/2017 0:56,5708,4.3
675,12/8/2017 1:11,4975,3.7
676,12/8/2017 1:26,4383,3.3
677,12/8/2017 1:41,3803,2.9
678,12/8/2017 1:56,3331,2.6
679,12/8/2017 2:11,3061,2.4
680,12/8/2017 2:26,2801,2.2
681,12/8/2017 2:41,2454,2
682,12/8/2017 2:56,2105,1.8
683,12/8/2017 3:11,1945,1.6
684,12/8/2017 3:26,1739,1.5
685,12/8/2017 3:41,1711,1.5
686,12/8/2017 3:56,1731,1.5
687,12/8/2017 4:11,1944,1.6
688,12/8/2017 4:26,1981,1.7
689,12/8/2017 4:41,2055,1.7
690,12/8/2017 4:56,1970,1.7
691,12/8/2017 5:11,2120,1.8
692,12/8/2017 5:26,2209,1.8
693,12/8/2017 5:41,2782,2.2
694,12/8/2017 5:56,3033,2.4
695,12/8/2017 6:11,3533,2.7
696,12/8/2017 6:27,3904,3
697,12/8/2017 6:42,4870,3.7
698,12/8/2017 6:57,5610,4.2
699,12/8/2017 7:12,6288,4.7
700,12/8/2017 7:27,7191,5.3
701,12/8/2017 7:42,8736,6.4
702,12/8/2017 7:57,8995,6.5
703,12/8/2017 8:12,9589,6.9
704,12/8/2017 8:27,9549,6.9
705,12/8/2017 8:42,9920,7.2
706,12/8/2017 8:57,9839,7.1
707,12/8/2017 9:12,9378,6.8
708,12/8/2017 9:27,8804,6.4
709,12/8/2017 9:42,8641,6.3
710,12/8/2017 9:57,8151,5.9
711,12/8/2017 10:12,7701,5.6
712,12/8/2017 10:27,7237,5.3
713,12/8/2017 10:42,7145,5.3
714,12/8/2017 10:57,6868,5.1
715,12/8/2017 11:12,6765,5
716,12/8/2017 11:27,6572,4.9
717,12/8/2017 11:42,6907,5.1
718,12/8/2017 11:57,6847,5
719,12/8/2017 12:12,6894,5.1
720,12/8/2017 12:27,6910,5.1
721,12/8/2017 12:42,7058,5.2
722,12/8/2017 12:57,6835,5
723,12/8/2017 13:12,7120,5.2
724,12/8/2017 13:27,7023,5.2
725,12/8/2017 13:42,7148,5.3
726,12/8/2017 13:57,7199,5.3
727,12/8/2017 14:12,7677,5.6
728,12/8/2017 14:27,7275,5.3
729,12/8/2017 14:42,7709,5.6
730,12/8/2017 14:57,7780,5.7
731,12/8/2017 15:12,8080,5.9
732,12/8/2017 15:27,8209,6
733,12/8/2017 15:42,8118,5.9
734,12/8/2017 15:57,8286,6
735,12/8/2017 16:12,8516,6.2
736,12/8/2017 16:27,8370,6.1
737,12/8/2017 16:42,8558,6.2
738,12/8/2017 16:57,8723,6.3
739,12/8/2017 17:12,9460,6.9
740,12/8/2017 17:27,9741,7
741,12/8/2017 17:42,10056,7.3
742,12/8/2017 17:57,10281,7.4
743,12/8/2017 18:12,10944,7.9
744,12/8/2017 18:27,11262,8.1
745,12/8/2017 18:42,11441,8.2
746,12/8/2017 18:57,11296,8.1
747,12/8/2017 19:12,12045,8.6
748,12/8/2017 19:27,12181,8.7
749,12/8/2017 19:42,11961,8.6
750,12/8/2017 19:57,11778,8.5
751,12/8/2017 20:12,11633,8.4
752,12/8/2017 20:27,11435,8.2
753,12/8/2017 20:42,11328,8.1
754,12/8/2017 20:57,11204,8.1
755,12/8/2017 21:12,11204,8.1
756,12/8/2017 21:28,11131,8
757,12/8/2017 21:43,11066,8
758,12/8/2017 21:58,10913,7.9
759,12/8/2017 22:13,11094,8
760,12/8/2017 22:28,11344,8.2
761,12/8/2017 22:43,11223,8.1
762,12/8/2017 22:58,11236,8.1
763,12/8/2017 23:13,11519,8.3
764,12/8/2017 23:28,11365,8.2
765,12/8/2017 23:43,11520,8.3
766,12/8/2017 23:58,11176,8
767,12/9/2017 0:13,10791,7.8
768,12/9/2017 0:28,10642,7.7
769,12/9/2017 0:43,10262,7.4
770,12/9/2017 0:58,9357,6.8
771,12/9/2017 1:13,8941,6.5
772,12/9/2017 1:28,8300,6.1
773,12/9/2017 1:43,7669,5.6
774,12/9/2017 1:58,7114,5.2
775,12/9/2017 2:13,6629,4.9
776,12/9/2017 2:28,5866,4.4
777,12/9/2017 2:43,5324,4
778,12/9/2017 2:58,4712,3.6
779,12/9/2017 3:13,4580,3.5
780,12/9/2017 3:28,4200,3.2
781,12/9/2017 3:43,3980,3.1
782,12/9/2017 3:58,3841,3
783,12/9/2017 4:13,3878,3
784,12/9/2017 4:28,3505,2.7
785,12/9/2017 4:43,3076,2.4
786,12/9/2017 4:58,2619,2.1
787,12/9/2017 5:13,2702,2.2
788,12/9/2017 5:28,2431,2
789,12/9/2017 5:43,2476,2
790,12/9/2017 5:58,2427,2
791,12/9/2017 6:13,2532,2.1
792,12/9/2017 6:28,2760,2.2
793,12/9/2017 6:43,3143,2.5
794,12/9/2017 6:58,3035,2.4
795,12/9/2017 7:13,3181,2.5
796,12/9/2017 7:28,3377,2.6
797,12/9/2017 7:43,4158,3.2
798,12/9/2017 7:58,4460,3.4
799,12/9/2017 8:13,4813,3.6
800,12/9/2017 8:28,5120,3.8
801,12/9/2017 8:43,5578,4.2
802,12/9/2017 8:58,5985,4.4
803,12/9/2017 9:13,6160,4.6
804,12/9/2017 9:28,6321,4.7
805,12/9/2017 9:43,7060,5.2
806,12/9/2017 9:58,7530,5.5
807,12/9/2017 10:13,7785,5.7
808,12/9/2017 10:28,7997,5.8
809,12/9/2017 10:43,8504,6.2
810,12/9/2017 10:58,8735,6.4
811,12/9/2017 11:13,8754,6.4
812,12/9/2017 11:28,9019,6.5
813,12/9/2017 11:43,9461,6.9
814,12/9/2017 11:58,9516,6.9
815,12/9/2017 12:14,9781,7.1
816,12/9/2017 12:29,9715,7
817,12/9/2017 12:44,9935,7.2
818,12/9/2017 12:59,9879,7.1
819,12/9/2017 13:14,9994,7.2
820,12/9/2017 13:29,9706,7
821,12/9/2017 13:44,10211,7.4
822,12/9/2017 13:59,10036,7.3
823,12/9/2017 14:14,10411,7.5
824,12/9/2017 14:29,10159,7.3
825,12/9/2017 14:44,10085,7.3
826,12/9/2017 14:59,9940,7.2
827,12/9/2017 15:14,10021,7.2
828,12/9/2017 15:29,10221,7.4
829,12/9/2017 15:44,10355,7.5
830,12/9/2017 15:59,10151,7.3
831,12/9/2017 16:14,10512,7.6
832,12/9/2017 16:29,10520,7.6
833,12/9/2017 16:44,10858,7.8
834,12/9/2017 16:59,10815,7.8
835,12/9/2017 17:14,11518,8.3
836,12/9/2017 17:29,11783,8.5
837,12/9/2017 17:44,12013,8.6
838,12/9/2017 17:59,12159,8.7
839,12/9/2017 18:14,12326,8.8
840,12/9/2017 18:29,12568,9
841,12/9/2017 18:44,12871,9.2
842,12/9/2017 18:59,12873,9.2
843,12/9/2017 19:14,12960,9.3
844,12/9/2017 19:29,13245,9.5
845,12/9/2017 19:44,13098,9.4
846,12/9/2017 19:59,13070,9.4
847,12/9/2017 20:14,13321,9.5
848,12/9/2017 20:29,12690,9.1
849,12/9/2017 20:44,12406,8.9
850,12/9/2017 20:59,11939,8.6
851,12/9/2017 21:14,11642,8.4
852,12/9/2017 21:29,11705,8.4
853,12/9/2017 21:44,11659,8.4
854,12/9/2017 21:59,11642,8.4
855,12/9/2017 22:14,11664,8.4
856,12/9/2017 22:29,11515,8.3
857,12/9/2017 22:44,11481,8.3
858,12/9/2017 22:59,11422,8.2
859,12/9/2017 23:14,11698,8.4
860,12/9/2017 23:29,11644,8.4
861,12/9/2017 23:44,11803,8.5
862,12/9/2017 23:59,11483,8.3
863,12/10/2017 0:14,11610,8.3
864,12/10/2017 0:29,11171,8
865,12/10/2017 0:44,10871,7.8
866,12/10/2017 0:59,10063,7.3
867,12/10/2017 1:14,9883,7.1
868,12/10/2017 1:29,9160,6.6
869,12/10/2017 1:44,8556,6.2
870,12/10/2017 1:59,7855,5.7
871,12/10/2017 2:14,7267,5.3
872,12/10/2017 2:29,6402,4.7
873,12/10/2017 2:44,6090,4.5
874,12/10/2017 2:59,5436,4.1
875,12/10/2017 3:15,4918,3.7
876,12/10/2017 3:30,4548,3.5
877,12/10/2017 3:45,4220,3.2
878,12/10/2017 4:00,3907,3
879,12/10/2017 4:15,3785,2.9
880,12/10/2017 4:30,3618,2.8
881,12/10/2017 4:45,3095,2.4
882,12/10/2017 5:00,2811,2.2
883,12/10/2017 5:15,2441,2
884,12/10/2017 5:30,2271,1.9
885,12/10/2017 5:45,2293,1.9
886,12/10/2017 6:00,2298,1.9
887,12/10/2017 6:15,2242,1.9
888,12/10/2017 6:30,2427,2
889,12/10/2017 6:45,2647,2.1
890,12/10/2017 7:00,2837,2.3
891,12/10/2017 7:15,2728,2.2
892,12/10/2017 7:30,3051,2.4
893,12/10/2017 7:45,3306,2.6
894,12/10/2017 8:00,3629,2.8
895,12/10/2017 8:15,3611,2.8
896,12/10/2017 8:30,3774,2.9
897,12/10/2017 8:45,4395,3.3
898,12/10/2017 9:00,4729,3.6
899,12/10/2017 9:15,4950,3.7
900,12/10/2017 9:30,5377,4
901,12/10/2017 9:45,5974,4.4
902,12/10/2017 10:00,6615,4.9
903,12/10/2017 10:15,6500,4.8
904,12/10/2017 10:30,7103,5.2
905,12/10/2017 10:45,7427,5.4
906,12/10/2017 11:00,7748,5.7
907,12/10/2017 11:15,7881,5.8
908,12/10/2017 11:30,7961,5.8
909,12/10/2017 11:45,8140,5.9
910,12/10/2017 12:00,8261,6
911,12/10/2017 12:15,8266,6
912,12/10/2017 12:30,8037,5.9
913,12/10/2017 12:45,8251,6
914,12/10/2017 13:00,8296,6
915,12/10/2017 13:15,8266,6
916,12/10/2017 13:30,8060,5.9
917,12/10/2017 13:45,8154,6
918,12/10/2017 14:00,8202,6
919,12/10/2017 14:15,8367,6.1
920,12/10/2017 14:30,8159,6
921,12/10/2017 14:45,8257,6
922,12/10/2017 15:00,8258,6
923,12/10/2017 15:15,8365,6.1
924,12/10/2017 15:30,8219,6
925,12/10/2017 15:45,8234,6
926,12/10/2017 16:00,8631,6.3
927,12/10/2017 16:15,8655,6.3
928,12/10/2017 16:30,8597,6.3
929,12/10/2017 16:45,8736,6.4
930,12/10/2017 17:00,8855,6.4
931,12/10/2017 17:15,8969,6.5
932,12/10/2017 17:30,8960,6.5
933,12/10/2017 17:46,9141,6.6
934,12/10/2017 18:01,9151,6.6
935,12/10/2017 18:16,9148,6.6
936,12/10/2017 18:31,9312,6.8
937,12/10/2017 18:46,9220,6.7
938,12/10/2017 19:01,8938,6.5
939,12/10/2017 19:16,8789,6.4
940,12/10/2017 19:31,8565,6.2
941,12/10/2017 19:46,8183,6
942,12/10/2017 20:01,7991,5.8
943,12/10/2017 20:16,8111,5.9
944,12/10/2017 20:31,7805,5.7
945,12/10/2017 20:46,7546,5.5
946,12/10/2017 21:01,7525,5.5
947,12/10/2017 21:16,7500,5.5
948,12/10/2017 21:31,7444,5.5
949,12/10/2017 21:46,7374,5.4
950,12/10/2017 22:01,7189,5.3
951,12/10/2017 22:16,7211,5.3
952,12/10/2017 22:31,6862,5.1
953,12/10/2017 22:46,6801,5
954,12/10/2017 23:01,6152,4.6
955,12/10/2017 23:16,6318,4.7
956,12/10/2017 23:31,5823,4.3
957,12/10/2017 23:46,5202,3.9
958,12/11/2017 0:01,4787,3.6
959,12/11/2017 0:16,4604,3.5
960,12/11/2017 0:31,3815,2.9
961,12/11/2017 0:46,3367,2.6
962,12/11/2017 1:01,2930,2.3
963,12/11/2017 1:16,2643,2.1
964,12/11/2017 1:31,2208,1.8
965,12/11/2017 1:46,1855,1.6
966,12/11/2017 2:01,1700,1.5
967,12/11/2017 2:16,1617,1.4
968,12/11/2017 2:31,1450,1.3
969,12/11/2017 2:46,1319,1.2
970,12/11/2017 3:01,1231,1.2
971,12/11/2017 3:16,1154,1.1
972,12/11/2017 3:31,1118,1.1
973,12/11/2017 3:46,1201,1.1
974,12/11/2017 4:01,1371,1.3
975,12/11/2017 4:16,1500,1.3
976,12/11/2017 4:31,1750,1.5
977,12/11/2017 4:46,1857,1.6
978,12/11/2017 5:01,2045,1.7
979,12/11/2017 5:16,2246,1.9
980,12/11/2017 5:31,2473,2
981,12/11/2017 5:46,2969,2.4
982,12/11/2017 6:01,3348,2.6
983,12/11/2017 6:16,3806,2.9
984,12/11/2017 6:31,4265,3.3
985,12/11/2017 6:46,5147,3.9
986,12/11/2017 7:01,5815,4.3
987,12/11/2017 7:16,6576,4.9
988,12/11/2017 7:31,7631,5.6
989,12/11/2017 7:46,8679,6.3
990,12/11/2017 8:01,9392,6.8
991,12/11/2017 8:17,9428,6.8
992,12/11/2017 8:32,9511,6.9
993,12/11/2017 8:47,9205,6.7
994,12/11/2017 9:02,9055,6.6
995,12/11/2017 9:17,9064,6.6
996,12/11/2017 9:32,9148,6.6
997,12/11/2017 9:47,8755,6.4
998,12/11/2017 10:02,8585,6.2
999,12/11/2017 10:17,7766,5.7
1000,12/11/2017 10:32,7285,5.3
1001,12/11/2017 10:47,7001,5.2
1002,12/11/2017 11:02,6639,4.9
1003,12/11/2017 11:17,6305,4.7
1004,12/11/2017 11:32,6298,4.7
1005,12/11/2017 11:47,6413,4.7
1006,12/11/2017 12:02,6254,4.6
1007,12/11/2017 12:17,6176,4.6
1008,12/11/2017 12:32,6264,4.6
1009,12/11/2017 12:47,6213,4.6
1010,12/11/2017 13:02,6199,4.6
1011,12/11/2017 13:17,6101,4.5
1012,12/11/2017 13:32,6225,4.6
1013,12/11/2017 13:47,6289,4.7
1014,12/11/2017 14:02,6394,4.7
1015,12/11/2017 14:17,6313,4.7
1016,12/11/2017 14:32,6659,4.9
1017,12/11/2017 14:47,6649,4.9
1018,12/11/2017 15:02,6907,5.1
1019,12/11/2017 15:17,6852,5
1020,12/11/2017 15:32,6838,5
1021,12/11/2017 15:47,7104,5.2
1022,12/11/2017 16:02,7187,5.3
1023,12/11/2017 16:17,7390,5.4
1024,12/11/2017 16:32,7156,5.3
1025,12/11/2017 16:47,7086,5.2
1026,12/11/2017 17:02,7579,5.6
1027,12/11/2017 17:17,8303,6.1
1028,12/11/2017 17:32,8305,6.1
1029,12/11/2017 17:47,8780,6.4
1030,12/11/2017 18:02,8794,6.4
1031,12/11/2017 18:17,9431,6.8
1032,12/11/2017 18:32,9381,6.8
1033,12/11/2017 18:47,9282,6.7
1034,12/11/2017 19:02,9071,6.6
1035,12/11/2017 19:17,9046,6.6
1036,12/11/2017 19:32,8924,6.5
1037,12/11/2017 19:47,8590,6.3
1038,12/11/2017 20:02,8281,6
1039,12/11/2017 20:17,8419,6.1
1040,12/11/2017 20:32,8199,6
1041,12/11/2017 20:47,7796,5.7
1042,12/11/2017 21:02,7730,5.7
1043,12/11/2017 21:17,7652,5.6
1044,12/11/2017 21:32,7624,5.6
1045,12/11/2017 21:47,7724,5.7
1046,12/11/2017 22:02,7757,5.7
1047,12/11/2017 22:17,7826,5.7
1048,12/11/2017 22:32,7611,5.6
1049,12/11/2017 22:47,7152,5.3
1050,12/11/2017 23:02,7012,5.2
1051,12/11/2017 23:18,6403,4.7
1052,12/11/2017 23:33,6079,4.5
1053,12/11/2017 23:48,5711,4.3
1054,12/12/2017 0:03,5330,4
1055,12/12/2017 0:18,4833,3.7
1056,12/12/2017 0:33,4059,3.1
1057,12/12/2017 0:48,3577,2.8
1058,12/12/2017 1:03,3084,2.4
1059,12/12/2017 1:18,2795,2.2
1060,12/12/2017 1:33,2336,1.9
1061,12/12/2017 1:48,2038,1.7
1062,12/12/2017 2:03,1841,1.6
1063,12/12/2017 2:18,1744,1.5
1064,12/12/2017 2:33,1432,1.3
1065,12/12/2017 2:48,1297,1.2
1066,12/12/2017 3:03,1182,1.1
1067,12/12/2017 3:18,1147,1.1
1068,12/12/2017 3:33,1041,1
1069,12/12/2017 3:48,1073,1
1070,12/12/2017 4:03,1185,1.1
1071,12/12/2017 4:18,1307,1.2
1072,12/12/2017 4:33,1536,1.4
1073,12/12/2017 4:48,1579,1.4
1074,12/12/2017 5:03,1678,1.5
1075,12/12/2017 5:18,1850,1.6
1076,12/12/2017 5:33,2201,1.8
1077,12/12/2017 5:48,2717,2.2
1078,12/12/2017 6:03,3030,2.4
1079,12/12/2017 6:18,3446,2.7
1080,12/12/2017 6:33,4169,3.2
1081,12/12/2017 6:48,5022,3.8
1082,12/12/2017 7:03,5657,4.2
1083,12/12/2017 7:18,6672,4.9
1084,12/12/2017 7:33,7728,5.7
1085,12/12/2017 7:48,8855,6.4
1086,12/12/2017 8:03,9406,6.8
1087,12/12/2017 8:18,9385,6.8
1088,12/12/2017 8:33,9529,6.9
1089,12/12/2017 8:48,9497,6.9
1090,12/12/2017 9:03,9409,6.8
1091,12/12/2017 9:18,8480,6.2
1092,12/12/2017 9:33,8237,6
1093,12/12/2017 9:48,7802,5.7
1094,12/12/2017 10:03,7512,5.5
1095,12/12/2017 10:18,6674,4.9
1096,12/12/2017 10:34,6549,4.8
1097,12/12/2017 10:49,6310,4.7
1098,12/12/2017 11:04,6104,4.5
1099,12/12/2017 11:19,5862,4.4
1100,12/12/2017 11:34,5755,4.3
1101,12/12/2017 11:49,6019,4.5
1102,12/12/2017 12:04,6050,4.5
1103,12/12/2017 12:19,5952,4.4
1104,12/12/2017 12:34,6138,4.6
1105,12/12/2017 12:49,6060,4.5
1106,12/12/2017 13:04,6063,4.5
1107,12/12/2017 13:19,6051,4.5
1108,12/12/2017 13:34,6415,4.7
1109,12/12/2017 13:49,6490,4.8
1110,12/12/2017 14:04,6690,4.9
1111,12/12/2017 14:19,6353,4.7
1112,12/12/2017 14:34,7034,5.2
1113,12/12/2017 14:49,6986,5.1
1114,12/12/2017 15:04,7083,5.2
1115,12/12/2017 15:19,7074,5.2
1116,12/12/2017 15:34,7150,5.3
1117,12/12/2017 15:49,7156,5.3
1118,12/12/2017 16:04,7392,5.4
1119,12/12/2017 16:19,7165,5.3
1120,12/12/2017 16:34,7270,5.3
1121,12/12/2017 16:49,7384,5.4
1122,12/12/2017 17:04,7943,5.8
1123,12/12/2017 17:19,8529,6.2
1124,12/12/2017 17:34,8835,6.4
1125,12/12/2017 17:49,8984,6.5
1126,12/12/2017 18:04,9233,6.7
1127,12/12/2017 18:19,9706,7
1128,12/12/2017 18:34,9576,6.9
1129,12/12/2017 18:49,9189,6.7
1130,12/12/2017 19:04,9455,6.9
1131,12/12/2017 19:19,9599,7
1132,12/12/2017 19:34,9639,7
1133,12/12/2017 19:49,9901,7.2
1134,12/12/2017 20:04,9373,6.8
1135,12/12/2017 20:19,9431,6.8
1136,12/12/2017 20:34,9084,6.6
1137,12/12/2017 20:49,8925,6.5
1138,12/12/2017 21:04,9006,6.5
1139,12/12/2017 21:19,8879,6.5
1140,12/12/2017 21:34,8953,6.5
1141,12/12/2017 21:49,8919,6.5
1142,12/12/2017 22:04,8814,6.4
1143,12/12/2017 22:19,9266,6.7
1144,12/12/2017 22:34,8955,6.5
1145,12/12/2017 22:49,8791,6.4
1146,12/12/2017 23:04,8364,6.1
1147,12/12/2017 23:19,8141,5.9
1148,12/12/2017 23:34,7621,5.6
1149,12/12/2017 23:49,6713,5
1150,12/13/2017 0:04,6132,4.5
1151,12/13/2017 0:19,5617,4.2
1152,12/13/2017 0:34,4660,3.5
1153,12/13/2017 0:49,4107,3.1
1154,12/13/2017 1:04,3747,2.9
1155,12/13/2017 1:19,3214,2.5
1156,12/13/2017 1:35,2736,2.2
1157,12/13/2017 1:50,2460,2
1158,12/13/2017 2:05,2109,1.8
1159,12/13/2017 2:20,1962,1.7
1160,12/13/2017 2:35,1702,1.5
1161,12/13/2017 2:50,1464,1.3
1162,12/13/2017 3:05,1352,1.2
1163,12/13/2017 3:20,1347,1.2
1164,12/13/2017 3:35,1170,1.1
1165,12/13/2017 3:50,1269,1.2
1166,12/13/2017 4:05,1303,1.2
1167,12/13/2017 4:20,1541,1.4
1168,12/13/2017 4:35,1541,1.4
1169,12/13/2017 4:50,1778,1.5
1170,12/13/2017 5:05,1788,1.5
1171,12/13/2017 5:20,1971,1.7
1172,12/13/2017 5:35,2416,2
1173,12/13/2017 5:50,2885,2.3
1174,12/13/2017 6:05,3200,2.5
1175,12/13/2017 6:20,3763,2.9
1176,12/13/2017 6:35,4504,3.4
1177,12/13/2017 6:50,5526,4.1
1178,12/13/2017 7:05,6229,4.6
1179,12/13/2017 7:20,7461,5.5
1180,12/13/2017 7:35,8559,6.2
1181,12/13/2017 7:50,9597,7
1182,12/13/2017 8:05,10356,7.5
1183,12/13/2017 8:20,10489,7.6
1184,12/13/2017 8:35,10426,7.5
1185,12/13/2017 8:50,10719,7.7
1186,12/13/2017 9:05,10405,7.5
1187,12/13/2017 9:20,9648,7
1188,12/13/2017 9:35,9310,6.8
1189,12/13/2017 9:50,8867,6.4
1190,12/13/2017 10:05,8589,6.3
1191,12/13/2017 10:20,7570,5.5
1192,12/13/2017 10:35,7587,5.6
1193,12/13/2017 10:50,7448,5.5
1194,12/13/2017 11:05,7029,5.2
1195,12/13/2017 11:20,6809,5
1196,12/13/2017 11:35,6929,5.1
1197,12/13/2017 11:50,7116,5.2
1198,12/13/2017 12:05,7077,5.2
1199,12/13/2017 12:20,7054,5.2
1200,12/13/2017 12:35,7107,5.2
1201,12/13/2017 12:50,6904,5.1
1202,12/13/2017 13:05,6954,5.1
1203,12/13/2017 13:20,6736,5
1204,12/13/2017 13:35,6849,5
1205,12/13/2017 13:50,7056,5.2
1206,12/13/2017 14:05,7243,5.3
1207,12/13/2017 14:20,7208,5.3
1208,12/13/2017 14:35,7521,5.5
1209,12/13/2017 14:50,7576,5.6
1210,12/13/2017 15:05,7913,5.8
1211,12/13/2017 15:21,7931,5.8
1212,12/13/2017 15:36,8002,5.8
1213,12/13/2017 15:51,7746,5.7
1214,12/13/2017 16:06,7884,5.8
1215,12/13/2017 16:21,8182,6
1216,12/13/2017 16:36,8274,6
1217,12/13/2017 16:51,8528,6.2
1218,12/13/2017 17:06,9085,6.6
1219,12/13/2017 17:21,9863,7.1
1220,12/13/2017 17:36,10024,7.2
1221,12/13/2017 17:51,10158,7.3
1222,12/13/2017 18:06,10698,7.7
1223,12/13/2017 18:21,11337,8.2
1224,12/13/2017 18:36,11422,8.2
1225,12/13/2017 18:51,11292,8.1
1226,12/13/2017 19:06,11178,8
1227,12/13/2017 19:21,11521,8.3
1228,12/13/2017 19:36,11378,8.2
1229,12/13/2017 19:51,11162,8
1230,12/13/2017 20:06,10734,7.7
1231,12/13/2017 20:21,10873,7.8
1232,12/13/2017 20:36,10560,7.6
1233,12/13/2017 20:51,10194,7.4
1234,12/13/2017 21:06,10322,7.5
1235,12/13/2017 21:21,10267,7.4
1236,12/13/2017 21:36,10092,7.3
1237,12/13/2017 21:51,9951,7.2
1238,12/13/2017 22:06,10143,7.3
1239,12/13/2017 22:21,10069,7.3
1240,12/13/2017 22:36,9957,7.2
1241,12/13/2017 22:51,9765,7.1
1242,12/13/2017 23:06,9740,7
1243,12/13/2017 23:21,9103,6.6
1244,12/13/2017 23:36,8607,6.3
1245,12/13/2017 23:51,8034,5.9
1246,12/14/2017 0:06,7357,5.4
1247,12/14/2017 0:21,7257,5.3
1248,12/14/2017 0:36,6019,4.5
1249,12/14/2017 0:51,5370,4
1250,12/14/2017 1:06,4483,3.4
1251,12/14/2017 1:21,3872,3
1252,12/14/2017 1:36,3375,2.6
1253,12/14/2017 1:51,2961,2.4
1254,12/14/2017 2:06,2607,2.1
1255,12/14/2017 2:21,2186,1.8
1256,12/14/2017 2:36,1997,1.7
1257,12/14/2017 2:51,1762,1.5
1258,12/14/2017 3:06,1562,1.4
1259,12/14/2017 3:21,1481,1.3
1260,12/14/2017 3:36,1358,1.2
1261,12/14/2017 3:51,1407,1.3
1262,12/14/2017 4:06,1491,1.3
1263,12/14/2017 4:21,1604,1.4
1264,12/14/2017 4:36,1704,1.5
1265,12/14/2017 4:52,1826,1.6
1266,12/14/2017 5:07,1972,1.7
1267,12/14/2017 5:22,2160,1.8
1268,12/14/2017 5:37,2590,2.1
1269,12/14/2017 5:52,3033,2.4
1270,12/14/2017 6:07,3259,2.6
1271,12/14/2017 6:22,3873,3
1272,12/14/2017 6:37,4691,3.6
1273,12/14/2017 6:52,5512,4.1
1274,12/14/2017 7:07,6546,4.8
1275,12/14/2017 7:22,7601,5.6
1276,12/14/2017 7:37,8603,6.3
1277,12/14/2017 7:52,9196,6.7
1278,12/14/2017 8:07,10183,7.4
1279,12/14/2017 8:22,10674,7.7
1280,12/14/2017 8:37,10741,7.7
1281,12/14/2017 8:52,10829,7.8
1282,12/14/2017 9:07,10345,7.5
1283,12/14/2017 9:22,9750,7.1
1284,12/14/2017 9:37,9247,6.7
1285,12/14/2017 9:52,9038,6.6
1286,12/14/2017 10:07,8501,6.2
1287,12/14/2017 10:22,7847,5.7
1288,12/14/2017 10:37,7588,5.6
1289,12/14/2017 10:52,7130,5.2
1290,12/14/2017 11:07,6952,5.1
1291,12/14/2017 11:22,6784,5
1292,12/14/2017 11:37,7025,5.2
1293,12/14/2017 11:52,7016,5.2
1294,12/14/2017 12:07,7082,5.2
1295,12/14/2017 12:22,7081,5.2
1296,12/14/2017 12:37,6952,5.1
1297,12/14/2017 12:52,6582,4.9
1298,12/14/2017 13:07,6737,5
1299,12/14/2017 13:22,6749,5
1300,12/14/2017 13:37,7064,5.2
1301,12/14/2017 13:52,7070,5.2
1302,12/14/2017 14:07,7299,5.4
1303,12/14/2017 14:22,7290,5.4
1304,12/14/2017 14:37,7512,5.5
1305,12/14/2017 14:52,7584,5.6
1306,12/14/2017 15:07,7873,5.8
1307,12/14/2017 15:22,7901,5.8
1308,12/14/2017 15:37,8095,5.9
1309,12/14/2017 15:52,7841,5.7
1310,12/14/2017 16:07,8068,5.9
1311,12/14/2017 16:22,8071,5.9
1312,12/14/2017 16:37,8523,6.2
1313,12/14/2017 16:52,8608,6.3
1314,12/14/2017 17:07,9477,6.9
1315,12/14/2017 17:22,9921,7.2
1316,12/14/2017 17:37,10030,7.3
1317,12/14/2017 17:52,9985,7.2
1318,12/14/2017 18:07,10256,7.4
1319,12/14/2017 18:22,11047,8
1320,12/14/2017 18:37,11434,8.2
1321,12/14/2017 18:52,11260,8.1
1322,12/14/2017 19:07,11751,8.4
1323,12/14/2017 19:22,11461,8.2
1324,12/14/2017 19:37,11453,8.2
1325,12/14/2017 19:53,11539,8.3
1326,12/14/2017 20:08,11364,8.2
1327,12/14/2017 20:23,11454,8.2
1328,12/14/2017 20:38,10957,7.9
1329,12/14/2017 20:53,10219,7.4
1330,12/14/2017 21:08,10985,7.9
1331,12/14/2017 21:23,10878,7.8
1332,12/14/2017 21:38,10907,7.9
1333,12/14/2017 21:53,10954,7.9
1334,12/14/2017 22:08,10920,7.9
1335,12/14/2017 22:23,10900,7.9
1336,12/14/2017 22:38,10535,7.6
1337,12/14/2017 22:53,10399,7.5
1338,12/14/2017 23:08,10565,7.6
1339,12/14/2017 23:23,10263,7.4
1340,12/14/2017 23:38,9903,7.2
1341,12/14/2017 23:53,9336,6.8
1342,12/15/2017 0:08,9248,6.7
1343,12/15/2017 0:23,8945,6.5
1344,12/15/2017 0:38,7966,5.8
1345,12/15/2017 0:53,7266,5.3
1346,12/15/2017 1:08,6314,4.7
1347,12/15/2017 1:23,5849,4.4
1348,12/15/2017 1:38,5143,3.9
1349,12/15/2017 1:53,4723,3.6
1350,12/15/2017 2:08,4014,3.1
1351,12/15/2017 2:23,3657,2.8
1352,12/15/2017 2:38,3042,2.4
1353,12/15/2017 2:53,2521,2
1354,12/15/2017 3:08,2364,1.9
1355,12/15/2017 3:23,2248,1.9
1356,12/15/2017 3:38,2166,1.8
1357,12/15/2017 3:53,2014,1.7
1358,12/15/2017 4:08,2228,1.8
1359,12/15/2017 4:23,2107,1.8
1360,12/15/2017 4:38,2302,1.9
1361,12/15/2017 4:53,2220,1.8
1362,12/15/2017 5:08,2331,1.9
1363,12/15/2017 5:23,2290,1.9
1364,12/15/2017 5:38,2824,2.3
1365,12/15/2017 5:53,3099,2.4
1366,12/15/2017 6:08,3446,2.7
1367,12/15/2017 6:23,3944,3
1368,12/15/2017 6:38,4759,3.6
1369,12/15/2017 6:53,5439,4.1
1370,12/15/2017 7:08,6367,4.7
1371,12/15/2017 7:23,7364,5.4
1372,12/15/2017 7:38,8438,6.1
1373,12/15/2017 7:53,8966,6.5
1374,12/15/2017 8:08,9836,7.1
1375,12/15/2017 8:23,10165,7.3
1376,12/15/2017 8:38,10305,7.4
1377,12/15/2017 8:53,10417,7.5
1378,12/15/2017 9:08,10182,7.4
1379,12/15/2017 9:23,9671,7
1380,12/15/2017 9:38,9309,6.8
1381,12/15/2017 9:53,8962,6.5
1382,12/15/2017 10:08,8601,6.3
1383,12/15/2017 10:23,8044,5.9
1384,12/15/2017 10:39,7856,5.7
1385,12/15/2017 10:54,7549,5.5
1386,12/15/2017 11:09,7458,5.5
1387,12/15/2017 11:24,7197,5.3
1388,12/15/2017 11:39,7297,5.4
1389,12/15/2017 11:54,7273,5.3
1390,12/15/2017 12:09,7467,5.5
1391,12/15/2017 12:24,7205,5.3
1392,12/15/2017 12:39,7318,5.4
1393,12/15/2017 12:54,7196,5.3
1394,12/15/2017 13:09,7520,5.5
1395,12/15/2017 13:24,7312,5.4
1396,12/15/2017 13:39,7507,5.5
1397,12/15/2017 13:54,7463,5.5
1398,12/15/2017 14:09,7929,5.8
1399,12/15/2017 14:24,7855,5.7
1400,12/15/2017 14:39,8001,5.8
1401,12/15/2017 14:54,8215,6
1402,12/15/2017 15:09,8568,6.2
1403,12/15/2017 15:24,8789,6.4
1404,12/15/2017 15:39,9071,6.6
1405,12/15/2017 15:54,8900,6.5
1406,12/15/2017 16:09,9351,6.8
1407,12/15/2017 16:24,9137,6.6
1408,12/15/2017 16:39,8886,6.5
1409,12/15/2017 16:54,8805,6.4
1410,12/15/2017 17:09,9026,6.6
1411,12/15/2017 17:24,9259,6.7
1412,12/15/2017 17:39,9476,6.9
1413,12/15/2017 17:54,9746,7.1
1414,12/15/2017 18:09,10531,7.6
1415,12/15/2017 18:24,11437,8.2
1416,12/15/2017 18:39,11648,8.4
1417,12/15/2017 18:54,11985,8.6
1418,12/15/2017 19:09,12556,9
1419,12/15/2017 19:24,12834,9.2
1420,12/15/2017 19:39,13075,9.4
1421,12/15/2017 19:54,12991,9.3
1422,12/15/2017 20:09,13264,9.5
1423,12/15/2017 20:24,12626,9
1424,12/15/2017 20:39,12676,9.1
1425,12/15/2017 20:54,12125,8.7
1426,12/15/2017 21:09,12054,8.7
1427,12/15/2017 21:24,11935,8.6
1428,12/15/2017 21:39,11833,8.5
1429,12/15/2017 21:54,11844,8.5
1430,12/15/2017 22:09,12019,8.6
1431,12/15/2017 22:24,12049,8.6
1432,12/15/2017 22:39,12472,8.9
1433,12/15/2017 22:54,12243,8.8
1434,12/15/2017 23:09,12333,8.8
1435,12/15/2017 23:24,12364,8.9
1436,12/15/2017 23:39,12234,8.8
1437,12/15/2017 23:54,12006,8.6
1438,12/16/2017 0:09,11768,8.5
1439,12/16/2017 0:24,11460,8.2
1440,12/16/2017 0:39,10997,7.9
1441,12/16/2017 0:54,10420,7.5
1442,12/16/2017 1:09,10085,7.3
1443,12/16/2017 1:24,9352,6.8
1444,12/16/2017 1:40,8917,6.5
1445,12/16/2017 1:55,8369,6.1
1446,12/16/2017 2:10,7679,5.6
1447,12/16/2017 2:25,6918,5.1
1448,12/16/2017 2:40,6332,4.7
1449,12/16/2017 2:55,5477,4.1
1450,12/16/2017 3:10,5021,3.8
1451,12/16/2017 3:25,4723,3.6
1452,12/16/2017 3:40,4220,3.2
1453,12/16/2017 3:55,3836,3
1454,12/16/2017 4:10,3918,3
1455,12/16/2017 4:25,3562,2.8
1456,12/16/2017 4:40,3342,2.6
1457,12/16/2017 4:55,2897,2.3
1458,12/16/2017 5:10,2752,2.2
1459,12/16/2017 5:25,2644,2.1
1460,12/16/2017 5:40,2634,2.1
1461,12/16/2017 5:55,2595,2.1
1462,12/16/2017 6:10,2584,2.1
1463,12/16/2017 6:25,2631,2.1
1464,12/16/2017 6:40,2941,2.3
1465,12/16/2017 6:55,3129,2.5
1466,12/16/2017 7:10,3363,2.6
1467,12/16/2017 7:25,3606,2.8
1468,12/16/2017 7:40,4068,3.1
1469,12/16/2017 7:55,4457,3.4
1470,12/16/2017 8:10,4702,3.6
1471,12/16/2017 8:25,5048,3.8
1472,12/16/2017 8:40,5505,4.1
1473,12/16/2017 8:55,5916,4.4
1474,12/16/2017 9:10,6204,4.6
1475,12/16/2017 9:25,6280,4.7
1476,12/16/2017 9:40,6682,4.9
1477,12/16/2017 9:55,7132,5.2
1478,12/16/2017 10:10,7283,5.3
1479,12/16/2017 10:25,7264,5.3
1480,12/16/2017 10:40,7699,5.6
1481,12/16/2017 10:55,7813,5.7
1482,12/16/2017 11:10,7944,5.8
1483,12/16/2017 11:25,8066,5.9
1484,12/16/2017 11:40,8316,6.1
1485,12/16/2017 11:55,8394,6.1
1486,12/16/2017 12:10,8493,6.2
1487,12/16/2017 12:25,8326,6.1
1488,12/16/2017 12:40,8595,6.3
1489,12/16/2017 12:55,8452,6.2
1490,12/16/2017 13:10,8594,6.3
1491,12/16/2017 13:25,8724,6.3
1492,12/16/2017 13:40,8639,6.3
1493,12/16/2017 13:55,8820,6.4
1494,12/16/2017 14:10,9070,6.6
1495,12/16/2017 14:25,8865,6.4
1496,12/16/2017 14:40,9089,6.6
1497,12/16/2017 14:55,8993,6.5
1498,12/16/2017 15:10,9235,6.7
1499,12/16/2017 15:25,9315,6.8
1500,12/16/2017 15:40,9325,6.8
1501,12/16/2017 15:55,9318,6.8
1502,12/16/2017 16:10,9534,6.9
1503,12/16/2017 16:25,9516,6.9
1504,12/16/2017 16:41,9604,7
1505,12/16/2017 16:56,9886,7.2
1506,12/16/2017 17:11,10215,7.4
1507,12/16/2017 17:26,10415,7.5
1508,12/16/2017 17:41,10707,7.7
1509,12/16/2017 17:56,10862,7.8
1510,12/16/2017 18:11,11208,8.1
1511,12/16/2017 18:26,11579,8.3
1512,12/16/2017 18:41,11829,8.5
1513,12/16/2017 18:56,11969,8.6
1514,12/16/2017 19:11,12296,8.8
1515,12/16/2017 19:26,12489,9
1516,12/16/2017 19:41,12512,9
1517,12/16/2017 19:56,12472,8.9
1518,12/16/2017 20:11,12428,8.9
1519,12/16/2017 20:26,12300,8.8
1520,12/16/2017 20:41,12297,8.8
1521,12/16/2017 20:56,12053,8.7
1522,12/16/2017 21:11,11825,8.5
1523,12/16/2017 21:26,11779,8.5
1524,12/16/2017 21:41,11600,8.3
1525,12/16/2017 21:56,11560,8.3
1526,12/16/2017 22:11,11629,8.4
1527,12/16/2017 22:26,11918,8.6
1528,12/16/2017 22:41,12102,8.7
1529,12/16/2017 22:56,11852,8.5
1530,12/16/2017 23:11,12228,8.8
1531,12/16/2017 23:26,12290,8.8
1532,12/16/2017 23:41,12014,8.6
1533,12/16/2017 23:56,12166,8.7
1534,12/17/2017 0:11,11881,8.5
1535,12/17/2017 0:26,11815,8.5
1536,12/17/2017 0:41,11632,8.4
1537,12/17/2017 0:56,11204,8.1
1538,12/17/2017 1:11,10935,7.9
1539,12/17/2017 1:26,10521,7.6
1540,12/17/2017 1:41,10031,7.3
1541,12/17/2017 1:56,9353,6.8
1542,12/17/2017 2:11,8734,6.4
1543,12/17/2017 2:26,8080,5.9
1544,12/17/2017 2:41,7453,5.5
1545,12/17/2017 2:56,6641,4.9
1546,12/17/2017 3:11,6302,4.7
1547,12/17/2017 3:26,5812,4.3
1548,12/17/2017 3:41,5436,4.1
1549,12/17/2017 3:56,4952,3.7
1550,12/17/2017 4:11,4886,3.7
1551,12/17/2017 4:26,4495,3.4
1552,12/17/2017 4:41,3973,3.1
1553,12/17/2017 4:56,3458,2.7
1554,12/17/2017 5:11,3034,2.4
1555,12/17/2017 5:26,2750,2.2
1556,12/17/2017 5:41,2749,2.2
1557,12/17/2017 5:56,2598,2.1
1558,12/17/2017 6:11,2507,2
1559,12/17/2017 6:26,2512,2
1560,12/17/2017 6:41,2770,2.2
1561,12/17/2017 6:56,2814,2.3
1562,12/17/2017 7:11,2831,2.3
1563,12/17/2017 7:27,2924,2.3
1564,12/17/2017 7:42,3251,2.6
1565,12/17/2017 7:57,3498,2.7
1566,12/17/2017 8:12,3585,2.8
1567,12/17/2017 8:27,3729,2.9
1568,12/17/2017 8:42,4278,3.3
1569,12/17/2017 8:57,4485,3.4
1570,12/17/2017 9:12,4611,3.5
1571,12/17/2017 9:27,5113,3.8
1572,12/17/2017 9:42,5617,4.2
1573,12/17/2017 9:57,6295,4.7
1574,12/17/2017 10:12,6479,4.8
1575,12/17/2017 10:27,6605,4.9
1576,12/17/2017 10:42,7051,5.2
1577,12/17/2017 10:57,7574,5.5
1578,12/17/2017 11:12,7570,5.5
1579,12/17/2017 11:27,7587,5.6
1580,12/17/2017 11:42,7815,5.7
1581,12/17/2017 11:57,8039,5.9
1582,12/17/2017 12:12,7892,5.8
1583,12/17/2017 12:27,7979,5.8
1584,12/17/2017 12:42,8243,6
1585,12/17/2017 12:57,7998,5.8
1586,12/17/2017 13:12,8252,6
1587,12/17/2017 13:27,8070,5.9
1588,12/17/2017 13:42,8166,6
1589,12/17/2017 13:57,8036,5.9
1590,12/17/2017 14:12,8367,6.1
1591,12/17/2017 14:27,8204,6
1592,12/17/2017 14:42,8343,6.1
1593,12/17/2017 14:57,8190,6
1594,12/17/2017 15:12,8306,6.1
1595,12/17/2017 15:27,8218,6
1596,12/17/2017 15:42,8180,6
1597,12/17/2017 15:57,8275,6
1598,12/17/2017 16:12,8447,6.2
1599,12/17/2017 16:27,8543,6.2
1600,12/17/2017 16:42,8581,6.2
1601,12/17/2017 16:57,8682,6.3
1602,12/17/2017 17:12,9043,6.6
1603,12/17/2017 17:27,8906,6.5
1604,12/17/2017 17:42,9026,6.6
1605,12/17/2017 17:57,8900,6.5
1606,12/17/2017 18:12,9100,6.6
1607,12/17/2017 18:27,9135,6.6
1608,12/17/2017 18:42,8914,6.5
1609,12/17/2017 18:57,9019,6.5
1610,12/17/2017 19:12,8949,6.5
1611,12/17/2017 19:27,8917,6.5
1612,12/17/2017 19:42,8982,6.5
1613,12/17/2017 19:57,8650,6.3
1614,12/17/2017 20:12,8399,6.1
1615,12/17/2017 20:27,8110,5.9
1616,12/17/2017 20:42,8059,5.9
1617,12/17/2017 20:57,7868,5.8
1618,12/17/2017 21:12,7791,5.7
1619,12/17/2017 21:27,7670,5.6
1620,12/17/2017 21:42,7754,5.7
1621,12/17/2017 21:57,7535,5.5
1622,12/17/2017 22:12,7573,5.5
1623,12/17/2017 22:28,7418,5.4
1624,12/17/2017 22:43,7170,5.3
1625,12/17/2017 22:58,6736,5
1626,12/17/2017 23:13,6475,4.8
1627,12/17/2017 23:28,6274,4.6
1628,12/17/2017 23:43,5761,4.3
1629,12/17/2017 23:58,5262,3.9
1630,12/18/2017 0:13,4981,3.8
1631,12/18/2017 0:28,4284,3.3
1632,12/18/2017 0:43,3834,3
1633,12/18/2017 0:58,3438,2.7
1634,12/18/2017 1:13,2954,2.3
1635,12/18/2017 1:28,2645,2.1
1636,12/18/2017 1:43,2453,2
1637,12/18/2017 1:58,2221,1.8
1638,12/18/2017 2:13,2091,1.8
1639,12/18/2017 2:28,1872,1.6
1640,12/18/2017 2:43,1617,1.4
1641,12/18/2017 2:58,1519,1.4
1642,12/18/2017 3:13,1486,1.3
1643,12/18/2017 3:28,1334,1.2
1644,12/18/2017 3:43,1376,1.3
1645,12/18/2017 3:58,1370,1.3
1646,12/18/2017 4:13,1595,1.4
1647,12/18/2017 4:28,1624,1.4
1648,12/18/2017 4:43,1871,1.6
1649,12/18/2017 4:58,1914,1.6
1650,12/18/2017 5:13,2192,1.8
1651,12/18/2017 5:28,2245,1.9
1652,12/18/2017 5:43,2744,2.2
1653,12/18/2017 5:58,2938,2.3
1654,12/18/2017 6:13,3495,2.7
1655,12/18/2017 6:28,3849,3
1656,12/18/2017 6:43,4760,3.6
1657,12/18/2017 6:58,5233,3.9
1658,12/18/2017 7:13,6057,4.5
1659,12/18/2017 7:28,7074,5.2
1660,12/18/2017 7:43,8049,5.9
1661,12/18/2017 7:58,8620,6.3
1662,12/18/2017 8:13,9140,6.6
1663,12/18/2017 8:28,8934,6.5
1664,12/18/2017 8:43,9318,6.8
1665,12/18/2017 8:58,9126,6.6
1666,12/18/2017 9:13,8710,6.3
1667,12/18/2017 9:28,8000,5.8
1668,12/18/2017 9:43,7916,5.8
1669,12/18/2017 9:58,7394,5.4
1670,12/18/2017 10:13,7192,5.3
1671,12/18/2017 10:28,6510,4.8
1672,12/18/2017 10:43,6743,5
1673,12/18/2017 10:58,6224,4.6
1674,12/18/2017 11:13,6120,4.5
1675,12/18/2017 11:28,5958,4.4
1676,12/18/2017 11:43,6129,4.5
1677,12/18/2017 11:58,6104,4.5
1678,12/18/2017 12:14,6140,4.6
1679,12/18/2017 12:29,6045,4.5
1680,12/18/2017 12:44,6165,4.6
1681,12/18/2017 12:59,5848,4.4
1682,12/18/2017 13:14,6268,4.6
1683,12/18/2017 13:29,6040,4.5
1684,12/18/2017 13:44,6186,4.6
1685,12/18/2017 13:59,6110,4.5
1686,12/18/2017 14:14,6400,4.7
1687,12/18/2017 14:29,6324,4.7
1688,12/18/2017 14:44,6472,4.8
1689,12/18/2017 14:59,6568,4.9
1690,12/18/2017 15:14,6759,5
1691,12/18/2017 15:29,6635,4.9
1692,12/18/2017 15:44,6664,4.9
1693,12/18/2017 15:59,6645,4.9
1694,12/18/2017 16:14,7154,5.3
1695,12/18/2017 16:29,6890,5.1
1696,12/18/2017 16:44,7182,5.3
1697,12/18/2017 16:59,7258,5.3
1698,12/18/2017 17:14,7971,5.8
1699,12/18/2017 17:29,8137,5.9
1700,12/18/2017 17:44,8314,6.1
1701,12/18/2017 17:59,8498,6.2
1702,12/18/2017 18:14,9058,6.6
1703,12/18/2017 18:29,9043,6.6
1704,12/18/2017 18:44,8904,6.5
1705,12/18/2017 18:59,8920,6.5
1706,12/18/2017 19:14,8897,6.5
1707,12/18/2017 19:29,8603,6.3
1708,12/18/2017 19:44,8789,6.4
1709,12/18/2017 19:59,8368,6.1
1710,12/18/2017 20:14,8354,6.1
1711,12/18/2017 20:29,8162,6
1712,12/18/2017 20:44,7937,5.8
1713,12/18/2017 20:59,7627,5.6
1714,12/18/2017 21:14,7953,5.8
1715,12/18/2017 21:29,7684,5.6
1716,12/18/2017 21:44,7570,5.5
1717,12/18/2017 21:59,7384,5.4
1718,12/18/2017 22:14,7631,5.6
1719,12/18/2017 22:29,7394,5.4
1720,12/18/2017 22:44,7066,5.2
1721,12/18/2017 22:59,6976,5.1
1722,12/18/2017 23:14,6617,4.9
1723,12/18/2017 23:29,6165,4.6
1724,12/18/2017 23:44,5923,4.4
1725,12/18/2017 23:59,5315,4
1726,12/19/2017 0:14,4986,3.8
1727,12/19/2017 0:29,4514,3.4
1728,12/19/2017 0:44,3904,3
1729,12/19/2017 0:59,3474,2.7
1730,12/19/2017 1:14,3097,2.4
1731,12/19/2017 1:29,2730,2.2
1732,12/19/2017 1:44,2368,1.9
1733,12/19/2017 1:59,2238,1.9
1734,12/19/2017 2:14,2058,1.7
1735,12/19/2017 2:29,1774,1.5
1736,12/19/2017 2:44,1583,1.4
1737,12/19/2017 2:59,1463,1.3
1738,12/19/2017 3:15,1355,1.2
1739,12/19/2017 3:30,1350,1.2
1740,12/19/2017 3:45,1297,1.2
1741,12/19/2017 4:00,1405,1.3
1742,12/19/2017 4:15,1558,1.4
1743,12/19/2017 4:30,1599,1.4
1744,12/19/2017 4:45,1734,1.5
1745,12/19/2017 5:00,1952,1.7
1746,12/19/2017 5:15,2055,1.7
1747,12/19/2017 5:30,2250,1.9
1748,12/19/2017 5:45,2648,2.1
1749,12/19/2017 6:00,2979,2.4
1750,12/19/2017 6:15,3355,2.6
1751,12/19/2017 6:30,3800,2.9
1752,12/19/2017 6:45,4624,3.5
1753,12/19/2017 7:00,5325,4
1754,12/19/2017 7:15,6059,4.5
1755,12/19/2017 7:30,7324,5.4
1756,12/19/2017 7:45,8176,6
1757,12/19/2017 8:00,8720,6.3
1758,12/19/2017 8:15,8846,6.4
1759,12/19/2017 8:30,9079,6.6
1760,12/19/2017 8:45,9056,6.6
1761,12/19/2017 9:00,9039,6.6
1762,12/19/2017 9:15,8436,6.1
1763,12/19/2017 9:30,8021,5.9
1764,12/19/2017 9:45,7708,5.6
1765,12/19/2017 10:00,7408,5.4
1766,12/19/2017 10:15,6795,5
1767,12/19/2017 10:30,6358,4.7
1768,12/19/2017 10:45,6385,4.7
1769,12/19/2017 11:00,6217,4.6
1770,12/19/2017 11:15,5946,4.4
1771,12/19/2017 11:30,5925,4.4
1772,12/19/2017 11:45,6041,4.5
1773,12/19/2017 12:00,6113,4.5
1774,12/19/2017 12:15,6004,4.5
1775,12/19/2017 12:30,6031,4.5
1776,12/19/2017 12:45,6032,4.5
1777,12/19/2017 13:00,6027,4.5
1778,12/19/2017 13:15,6187,4.6
1779,12/19/2017 13:30,6265,4.6
1780,12/19/2017 13:45,6395,4.7
1781,12/19/2017 14:00,6414,4.7
1782,12/19/2017 14:15,6466,4.8
1783,12/19/2017 14:30,6608,4.9
1784,12/19/2017 14:45,6603,4.9
1785,12/19/2017 15:00,6743,5
1786,12/19/2017 15:15,6745,5
1787,12/19/2017 15:30,6814,5
1788,12/19/2017 15:45,6643,4.9
1789,12/19/2017 16:00,6928,5.1
1790,12/19/2017 16:15,7135,5.2
1791,12/19/2017 16:30,7132,5.2
1792,12/19/2017 16:45,7315,5.4
1793,12/19/2017 17:00,7564,5.5
1794,12/19/2017 17:15,8181,6
1795,12/19/2017 17:31,8311,6.1
1796,12/19/2017 17:46,8539,6.2
1797,12/19/2017 18:01,8530,6.2
1798,12/19/2017 18:16,9018,6.5
1799,12/19/2017 18:31,9168,6.7
1800,12/19/2017 18:46,9359,6.8
1801,12/19/2017 19:01,8769,6.4
1802,12/19/2017 19:16,8821,6.4
1803,12/19/2017 19:31,9085,6.6
1804,12/19/2017 19:46,8738,6.4
1805,12/19/2017 20:01,8583,6.2
1806,12/19/2017 20:16,8793,6.4
1807,12/19/2017 20:31,8468,6.2
1808,12/19/2017 20:46,8301,6.1
1809,12/19/2017 21:01,8396,6.1
1810,12/19/2017 21:16,8578,6.2
1811,12/19/2017 21:31,8315,6.1
1812,12/19/2017 21:46,8157,6
1813,12/19/2017 22:01,8213,6
1814,12/19/2017 22:16,8440,6.1
1815,12/19/2017 22:31,8357,6.1
1816,12/19/2017 22:46,7822,5.7
1817,12/19/2017 23:01,7840,5.7
1818,12/19/2017 23:16,7624,5.6
1819,12/19/2017 23:31,6994,5.1
1820,12/19/2017 23:46,6659,4.9
1821,12/20/2017 0:01,5990,4.5
1822,12/20/2017 0:16,5777,4.3
1823,12/20/2017 0:31,5088,3.8
1824,12/20/2017 0:46,4400,3.4
1825,12/20/2017 1:01,3929,3
1826,12/20/2017 1:16,3489,2.7
1827,12/20/2017 1:31,3025,2.4
1828,12/20/2017 1:46,2654,2.1
1829,12/20/2017 2:01,2537,2.1
1830,12/20/2017 2:16,2160,1.8
1831,12/20/2017 2:31,1971,1.7
1832,12/20/2017 2:46,1796,1.5
1833,12/20/2017 3:01,1676,1.5
1834,12/20/2017 3:16,1544,1.4
1835,12/20/2017 3:31,1559,1.4
1836,12/20/2017 3:46,1535,1.4
1837,12/20/2017 4:01,1636,1.4
1838,12/20/2017 4:16,1786,1.5
1839,12/20/2017 4:31,1807,1.6
1840,12/20/2017 4:46,1924,1.6
1841,12/20/2017 5:01,2122,1.8
1842,12/20/2017 5:16,2190,1.8
1843,12/20/2017 5:31,2462,2
1844,12/20/2017 5:46,2829,2.3
1845,12/20/2017 6:01,3091,2.4
1846,12/20/2017 6:16,3513,2.7
1847,12/20/2017 6:31,3875,3
1848,12/20/2017 6:46,4823,3.6
1849,12/20/2017 7:01,5474,4.1
1850,12/20/2017 7:16,6257,4.6
1851,12/20/2017 7:31,7489,5.5
1852,12/20/2017 7:46,8500,6.2
1853,12/20/2017 8:02,8979,6.5
1854,12/20/2017 8:17,8939,6.5
1855,12/20/2017 8:32,9131,6.6
1856,12/20/2017 8:47,9247,6.7
1857,12/20/2017 9:02,9377,6.8
1858,12/20/2017 9:17,8556,6.2
1859,12/20/2017 9:32,8350,6.1
1860,12/20/2017 9:47,7975,5.8
1861,12/20/2017 10:02,7475,5.5
1862,12/20/2017 10:17,6920,5.1
1863,12/20/2017 10:32,6715,5
1864,12/20/2017 10:47,6619,4.9
1865,12/20/2017 11:02,6488,4.8
1866,12/20/2017 11:17,6237,4.6
1867,12/20/2017 11:32,6479,4.8
1868,12/20/2017 11:47,6486,4.8
1869,12/20/2017 12:02,6472,4.8
1870,12/20/2017 12:17,6487,4.8
1871,12/20/2017 12:32,6289,4.7
1872,12/20/2017 12:47,6418,4.7
1873,12/20/2017 13:02,6469,4.8
1874,12/20/2017 13:17,6388,4.7
1875,12/20/2017 13:32,6422,4.8
1876,12/20/2017 13:47,6619,4.9
1877,12/20/2017 14:02,6655,4.9
1878,12/20/2017 14:17,6893,5.1
1879,12/20/2017 14:32,6887,5.1
1880,12/20/2017 14:47,7046,5.2
1881,12/20/2017 15:02,7234,5.3
1882,12/20/2017 15:17,7276,5.3
1883,12/20/2017 15:32,7301,5.4
1884,12/20/2017 15:47,7313,5.4
1885,12/20/2017 16:02,7363,5.4
1886,12/20/2017 16:17,7556,5.5
1887,12/20/2017 16:32,7496,5.5
1888,12/20/2017 16:47,7745,5.7
1889,12/20/2017 17:02,8088,5.9
1890,12/20/2017 17:17,8817,6.4
1891,12/20/2017 17:32,8670,6.3
1892,12/20/2017 17:47,9092,6.6
1893,12/20/2017 18:02,9219,6.7
1894,12/20/2017 18:17,9664,7
1895,12/20/2017 18:32,9670,7
1896,12/20/2017 18:47,9738,7
1897,12/20/2017 19:02,9720,7
1898,12/20/2017 19:17,9953,7.2
1899,12/20/2017 19:32,9898,7.2
1900,12/20/2017 19:47,9855,7.1
1901,12/20/2017 20:02,9553,6.9
1902,12/20/2017 20:17,9612,7
1903,12/20/2017 20:32,9178,6.7
1904,12/20/2017 20:47,8869,6.4
1905,12/20/2017 21:02,8753,6.4
1906,12/20/2017 21:17,9114,6.6
1907,12/20/2017 21:32,8680,6.3
1908,12/20/2017 21:47,8192,6
1909,12/20/2017 22:02,9388,6.8
1910,12/20/2017 22:17,9308,6.7
1911,12/20/2017 22:32,8967,6.5
1912,12/20/2017 22:47,8545,6.2
1913,12/20/2017 23:03,8374,6.1
1914,12/20/2017 23:18,8276,6
1915,12/20/2017 23:33,7697,5.6
1916,12/20/2017 23:48,7253,5.3
1917,12/21/2017 0:03,6677,4.9
1918,12/21/2017 0:18,6229,4.6
1919,12/21/2017 0:33,5519,4.1
1920,12/21/2017 0:48,4768,3.6
1921,12/21/2017 1:03,3927,3
1922,12/21/2017 1:18,3914,3
1923,12/21/2017 1:33,3321,2.6
1924,12/21/2017 1:48,3105,2.5
1925,12/21/2017 2:03,2846,2.3
1926,12/21/2017 2:18,2509,2
1927,12/21/2017 2:33,2181,1.8
1928,12/21/2017 2:48,1996,1.7
1929,12/21/2017 3:03,1839,1.6
1930,12/21/2017 3:18,1779,1.5
1931,12/21/2017 3:33,1702,1.5
1932,12/21/2017 3:48,1712,1.5
1933,12/21/2017 4:03,1782,1.5
1934,12/21/2017 4:18,2008,1.7
1935,12/21/2017 4:33,2112,1.8
1936,12/21/2017 4:48,2077,1.7
1937,12/21/2017 5:03,2178,1.8
1938,12/21/2017 5:18,2329,1.9
1939,12/21/2017 5:33,2662,2.1
1940,12/21/2017 5:48,3000,2.4
1941,12/21/2017 6:03,3076,2.4
1942,12/21/2017 6:18,3563,2.8
1943,12/21/2017 6:33,4041,3.1
1944,12/21/2017 6:48,4920,3.7
1945,12/21/2017 7:03,5391,4
1946,12/21/2017 7:18,6132,4.5
1947,12/21/2017 7:33,7410,5.4
1948,12/21/2017 7:48,8418,6.1
1949,12/21/2017 8:03,9008,6.5
1950,12/21/2017 8:18,8975,6.5
1951,12/21/2017 8:33,9221,6.7
1952,12/21/2017 8:48,9290,6.7
1953,12/21/2017 9:03,9015,6.5
1954,12/21/2017 9:18,8394,6.1
1955,12/21/2017 9:33,8293,6
1956,12/21/2017 9:48,7942,5.8
1957,12/21/2017 10:03,7408,5.4
1958,12/21/2017 10:18,7091,5.2
1959,12/21/2017 10:33,6845,5
1960,12/21/2017 10:48,6882,5.1
1961,12/21/2017 11:03,6451,4.8
1962,12/21/2017 11:18,6363,4.7
1963,12/21/2017 11:33,6455,4.8
1964,12/21/2017 11:48,6557,4.8
1965,12/21/2017 12:03,6594,4.9
1966,12/21/2017 12:18,6465,4.8
1967,12/21/2017 12:33,6726,5
1968,12/21/2017 12:48,6554,4.8
1969,12/21/2017 13:03,6739,5
1970,12/21/2017 13:18,6646,4.9
1971,12/21/2017 13:34,6675,4.9
1972,12/21/2017 13:49,6603,4.9
1973,12/21/2017 14:04,7043,5.2
1974,12/21/2017 14:19,7073,5.2
1975,12/21/2017 14:34,7058,5.2
1976,12/21/2017 14:49,7000,5.2
1977,12/21/2017 15:04,7438,5.5
1978,12/21/2017 15:19,7451,5.5
1979,12/21/2017 15:34,7329,5.4
1980,12/21/2017 15:49,7475,5.5
1981,12/21/2017 16:04,7726,5.7
1982,12/21/2017 16:19,7835,5.7
1983,12/21/2017 16:34,7818,5.7
1984,12/21/2017 16:49,7983,5.8
1985,12/21/2017 17:04,8389,6.1
1986,12/21/2017 17:19,8898,6.5
1987,12/21/2017 17:34,8929,6.5
1988,12/21/2017 17:49,9090,6.6
1989,12/21/2017 18:04,9525,6.9
1990,12/21/2017 18:19,10068,7.3
1991,12/21/2017 18:34,10015,7.2
1992,12/21/2017 18:49,10129,7.3
1993,12/21/2017 19:04,10082,7.3
1994,12/21/2017 19:19,10115,7.3
1995,12/21/2017 19:34,10103,7.3
1996,12/21/2017 19:49,9833,7.1
1997,12/21/2017 20:04,9789,7.1
1998,12/21/2017 20:19,9714,7
1999,12/21/2017 20:34,9277,6.7
2000,12/21/2017 20:49,9116,6.6
2001,12/21/2017 21:04,9068,6.6
2002,12/21/2017 21:19,9072,6.6
2003,12/21/2017 21:34,9266,6.7
2004,12/21/2017 21:49,8955,6.5
2005,12/21/2017 22:04,8981,6.5
2006,12/21/2017 22:19,9300,6.7
2007,12/21/2017 22:34,8930,6.5
2008,12/21/2017 22:49,8977,6.5
2009,12/21/2017 23:04,8751,6.4
2010,12/21/2017 23:19,8724,6.3
2011,12/21/2017 23:34,8270,6
2012,12/21/2017 23:49,7850,5.7
2013,12/22/2017 0:04,7230,5.3
2014,12/22/2017 0:19,6932,5.1
2015,12/22/2017 0:34,6097,4.5
2016,12/22/2017 0:49,5502,4.1
2017,12/22/2017 1:04,4888,3.7
2018,12/22/2017 1:19,4567,3.5
2019,12/22/2017 1:34,4105,3.1
2020,12/22/2017 1:49,3741,2.9
2021,12/22/2017 2:04,3423,2.7
2022,12/22/2017 2:19,3142,2.5
2023,12/22/2017 2:34,2824,2.3
2024,12/22/2017 2:49,2463,2
2025,12/22/2017 3:04,2360,1.9
2026,12/22/2017 3:19,2287,1.9
2027,12/22/2017 3:34,2241,1.9
2028,12/22/2017 3:49,2167,1.8
2029,12/22/2017 4:05,2286,1.9
2030,12/22/2017 4:20,2395,2
2031,12/22/2017 4:35,2525,2.1
2032,12/22/2017 4:50,2385,2
2033,12/22/2017 5:05,2456,2
2034,12/22/2017 5:20,2533,2.1
2035,12/22/2017 5:35,2788,2.2
2036,12/22/2017 5:50,3038,2.4
2037,12/22/2017 6:05,3272,2.6
2038,12/22/2017 6:20,3579,2.8
2039,12/22/2017 6:35,4101,3.1
2040,12/22/2017 6:50,4729,3.6
2041,12/22/2017 7:05,5116,3.8
2042,12/22/2017 7:20,5852,4.4
2043,12/22/2017 7:35,6845,5
2044,12/22/2017 7:50,7689,5.6
2045,12/22/2017 8:05,8119,5.9
2046,12/22/2017 8:20,8292,6
2047,12/22/2017 8:35,8508,6.2
2048,12/22/2017 8:50,8737,6.4
2049,12/22/2017 9:05,8417,6.1
2050,12/22/2017 9:20,7904,5.8
2051,12/22/2017 9:35,7709,5.6
2052,12/22/2017 9:50,7615,5.6
2053,12/22/2017 10:05,7442,5.5
2054,12/22/2017 10:20,6993,5.1
2055,12/22/2017 10:35,6758,5
2056,12/22/2017 10:50,6924,5.1
2057,12/22/2017 11:05,6878,5.1
2058,12/22/2017 11:20,6772,5
2059,12/22/2017 11:35,6688,4.9
2060,12/22/2017 11:50,6729,5
2061,12/22/2017 12:05,6948,5.1
2062,12/22/2017 12:20,6919,5.1
2063,12/22/2017 12:35,6817,5
2064,12/22/2017 12:50,7014,5.2
2065,12/22/2017 13:05,7050,5.2
2066,12/22/2017 13:20,7120,5.2
2067,12/22/2017 13:35,7228,5.3
2068,12/22/2017 13:50,7364,5.4
2069,12/22/2017 14:05,7551,5.5
2070,12/22/2017 14:20,7478,5.5
2071,12/22/2017 14:35,7461,5.5
2072,12/22/2017 14:50,7636,5.6
2073,12/22/2017 15:05,7722,5.7
2074,12/22/2017 15:20,7663,5.6
2075,12/22/2017 15:35,7834,5.7
2076,12/22/2017 15:50,7829,5.7
2077,12/22/2017 16:05,7860,5.7
2078,12/22/2017 16:20,8131,5.9
2079,12/22/2017 16:35,7858,5.7
2080,12/22/2017 16:50,8099,5.9
2081,12/22/2017 17:05,8327,6.1
2082,12/22/2017 17:20,8912,6.5
2083,12/22/2017 17:35,8831,6.4
2084,12/22/2017 17:50,9113,6.6
2085,12/22/2017 18:05,9034,6.6
2086,12/22/2017 18:20,9398,6.8
2087,12/22/2017 18:35,9429,6.8
2088,12/22/2017 18:50,9529,6.9
2089,12/22/2017 19:06,9514,6.9
2090,12/22/2017 19:21,9716,7
2091,12/22/2017 19:36,9479,6.9
2092,12/22/2017 19:51,9406,6.8
2093,12/22/2017 20:06,9017,6.5
2094,12/22/2017 20:21,9027,6.6
2095,12/22/2017 20:36,8467,6.2
2096,12/22/2017 20:51,8408,6.1
2097,12/22/2017 21:06,8231,6
2098,12/22/2017 21:21,8302,6.1
2099,12/22/2017 21:36,8351,6.1
2100,12/22/2017 21:51,8454,6.2
2101,12/22/2017 22:06,8511,6.2
2102,12/22/2017 22:21,8710,6.3
2103,12/22/2017 22:36,8784,6.4
2104,12/22/2017 22:51,8635,6.3
2105,12/22/2017 23:06,8768,6.4
2106,12/22/2017 23:21,8793,6.4
2107,12/22/2017 23:36,8723,6.3
2108,12/22/2017 23:51,8622,6.3
2109,12/23/2017 0:06,8174,6
2110,12/23/2017 0:21,7955,5.8
2111,12/23/2017 0:36,7399,5.4
2112,12/23/2017 0:51,7114,5.2
2113,12/23/2017 1:06,6674,4.9
2114,12/23/2017 1:21,6562,4.8
2115,12/23/2017 1:36,5826,4.3
2116,12/23/2017 1:51,5615,4.2
2117,12/23/2017 2:06,5276,4
2118,12/23/2017 2:21,5145,3.9
2119,12/23/2017 2:36,4559,3.5
2120,12/23/2017 2:51,4226,3.2
2121,12/23/2017 3:06,3961,3
2122,12/23/2017 3:21,3759,2.9
2123,12/23/2017 3:36,3553,2.8
2124,12/23/2017 3:51,3342,2.6
2125,12/23/2017 4:06,3479,2.7
2126,12/23/2017 4:21,3455,2.7
2127,12/23/2017 4:36,3142,2.5
2128,12/23/2017 4:51,3036,2.4
2129,12/23/2017 5:06,2819,2.3
2130,12/23/2017 5:21,2730,2.2
2131,12/23/2017 5:36,2633,2.1
2132,12/23/2017 5:51,2875,2.3
2133,12/23/2017 6:06,2783,2.2
2134,12/23/2017 6:21,2855,2.3
2135,12/23/2017 6:36,3099,2.4
2136,12/23/2017 6:51,3305,2.6
2137,12/23/2017 7:06,3169,2.5
2138,12/23/2017 7:21,3320,2.6
2139,12/23/2017 7:36,3486,2.7
2140,12/23/2017 7:51,3788,2.9
2141,12/23/2017 8:06,3961,3
2142,12/23/2017 8:21,4139,3.2
2143,12/23/2017 8:36,4534,3.4
2144,12/23/2017 8:51,5004,3.8
2145,12/23/2017 9:06,5237,3.9
2146,12/23/2017 9:21,5137,3.9
2147,12/23/2017 9:36,5993,4.5
2148,12/23/2017 9:51,6630,4.9
2149,12/23/2017 10:07,6589,4.9
2150,12/23/2017 10:22,6429,4.8
2151,12/23/2017 10:37,6667,4.9
2152,12/23/2017 10:52,7211,5.3
2153,12/23/2017 11:07,7578,5.6
2154,12/23/2017 11:22,7755,5.7
2155,12/23/2017 11:37,8032,5.9
2156,12/23/2017 11:52,8183,6
2157,12/23/2017 12:07,8253,6
2158,12/23/2017 12:22,8283,6
2159,12/23/2017 12:37,8325,6.1
2160,12/23/2017 12:52,8447,6.2
2161,12/23/2017 13:07,8496,6.2
2162,12/23/2017 13:22,8238,6
2163,12/23/2017 13:37,8150,5.9
2164,12/23/2017 13:52,7628,5.6
2165,12/23/2017 14:07,7538,5.5
2166,12/23/2017 14:22,7305,5.4
2167,12/23/2017 14:37,7213,5.3
2168,12/23/2017 14:52,7026,5.2
2169,12/23/2017 15:07,7144,5.3
2170,12/23/2017 15:22,7161,5.3
2171,12/23/2017 15:37,6984,5.1
2172,12/23/2017 15:52,7120,5.2
2173,12/23/2017 16:07,7272,5.3
2174,12/23/2017 16:22,7126,5.2
2175,12/23/2017 16:37,7169,5.3
2176,12/23/2017 16:52,7442,5.5
2177,12/23/2017 17:07,7573,5.5
2178,12/23/2017 17:22,7556,5.5
2179,12/23/2017 17:37,7643,5.6
2180,12/23/2017 17:52,8119,5.9
2181,12/23/2017 18:07,7860,5.7
2182,12/23/2017 18:22,8529,6.2
2183,12/23/2017 18:37,9351,6.8
2184,12/23/2017 18:52,9645,7
2185,12/23/2017 19:07,9681,7
2186,12/23/2017 19:22,9814,7.1
2187,12/23/2017 19:37,9274,6.7
2188,12/23/2017 19:52,8685,6.3
2189,12/23/2017 20:07,8135,5.9
2190,12/23/2017 20:22,8042,5.9
2191,12/23/2017 20:37,7712,5.6
2192,12/23/2017 20:52,7729,5.7
2193,12/23/2017 21:07,7544,5.5
2194,12/23/2017 21:22,7442,5.5
2195,12/23/2017 21:37,7191,5.3
2196,12/23/2017 21:52,7384,5.4
2197,12/23/2017 22:07,7392,5.4
2198,12/23/2017 22:22,7452,5.5
2199,12/23/2017 22:37,7558,5.5
2200,12/23/2017 22:52,7332,5.4
2201,12/23/2017 23:07,7323,5.4
2202,12/23/2017 23:22,7348,5.4
2203,12/23/2017 23:37,7348,5.4
2204,12/23/2017 23:52,7211,5.3
2205,12/24/2017 0:07,6937,5.1
2206,12/24/2017 0:22,6727,5
2207,12/24/2017 0:37,6334,4.7
2208,12/24/2017 0:52,5974,4.4
2209,12/24/2017 1:08,5576,4.2
2210,12/24/2017 1:23,5275,4
2211,12/24/2017 1:38,4978,3.8
2212,12/24/2017 1:53,4475,3.4
2213,12/24/2017 2:08,4449,3.4
2214,12/24/2017 2:23,4281,3.3
2215,12/24/2017 2:38,3895,3
2216,12/24/2017 2:53,3500,2.7
2217,12/24/2017 3:08,3373,2.6
2218,12/24/2017 3:23,3305,2.6
2219,12/24/2017 3:38,3126,2.5
2220,12/24/2017 3:53,2993,2.4
2221,12/24/2017 4:08,3094,2.4
2222,12/24/2017 4:23,3073,2.4
2223,12/24/2017 4:38,2896,2.3
2224,12/24/2017 4:53,2521,2
2225,12/24/2017 5:08,2458,2
2226,12/24/2017 5:23,2355,1.9
2227,12/24/2017 5:38,2300,1.9
2228,12/24/2017 5:53,2274,1.9
2229,12/24/2017 6:08,2283,1.9
2230,12/24/2017 6:23,2267,1.9
2231,12/24/2017 6:38,2425,2
2232,12/24/2017 6:53,2638,2.1
2233,12/24/2017 7:08,2624,2.1
2234,12/24/2017 7:23,2754,2.2
2235,12/24/2017 7:38,2975,2.4
2236,12/24/2017 7:53,3195,2.5
2237,12/24/2017 8:08,3117,2.5
2238,12/24/2017 8:23,3234,2.5
2239,12/24/2017 8:38,3490,2.7
2240,12/24/2017 8:53,3822,2.9
2241,12/24/2017 9:08,4017,3.1
2242,12/24/2017 9:23,4279,3.3
2243,12/24/2017 9:38,4683,3.5
2244,12/24/2017 9:53,5116,3.8
2245,12/24/2017 10:08,5024,3.8
2246,12/24/2017 10:23,5160,3.9
2247,12/24/2017 10:38,5643,4.2
2248,12/24/2017 10:53,5882,4.4
2249,12/24/2017 11:08,5730,4.3
2250,12/24/2017 11:23,5874,4.4
2251,12/24/2017 11:38,6070,4.5
2252,12/24/2017 11:53,5928,4.4
2253,12/24/2017 12:08,6081,4.5
2254,12/24/2017 12:23,5981,4.4
2255,12/24/2017 12:38,6316,4.7
2256,12/24/2017 12:53,6177,4.6
2257,12/24/2017 13:08,6300,4.7
2258,12/24/2017 13:23,5964,4.4
2259,12/24/2017 13:38,6375,4.7
2260,12/24/2017 13:53,6121,4.5
2261,12/24/2017 14:08,6365,4.7
2262,12/24/2017 14:23,6338,4.7
2263,12/24/2017 14:38,6642,4.9
2264,12/24/2017 14:53,6622,4.9
2265,12/24/2017 15:08,6603,4.9
2266,12/24/2017 15:23,6754,5
2267,12/24/2017 15:38,6785,5
2268,12/24/2017 15:53,6824,5
2269,12/24/2017 16:09,7058,5.2
2270,12/24/2017 16:24,7035,5.2
2271,12/24/2017 16:39,6974,5.1
2272,12/24/2017 16:54,7204,5.3
2273,12/24/2017 17:09,7460,5.5
2274,12/24/2017 17:24,7742,5.7
2275,12/24/2017 17:39,7701,5.6
2276,12/24/2017 17:54,7551,5.5
2277,12/24/2017 18:09,7940,5.8
2278,12/24/2017 18:24,8027,5.9
2279,12/24/2017 18:39,8153,5.9
2280,12/24/2017 18:54,7993,5.8
2281,12/24/2017 19:09,8100,5.9
2282,12/24/2017 19:24,8181,6
2283,12/24/2017 19:39,8132,5.9
2284,12/24/2017 19:54,7972,5.8
2285,12/24/2017 20:09,7918,5.8
2286,12/24/2017 20:24,8043,5.9
2287,12/24/2017 20:39,7667,5.6
2288,12/24/2017 20:54,7780,5.7
2289,12/24/2017 21:09,7796,5.7
2290,12/24/2017 21:24,7936,5.8
2291,12/24/2017 21:39,7760,5.7
2292,12/24/2017 21:54,7629,5.6
2293,12/24/2017 22:09,7792,5.7
2294,12/24/2017 22:24,7801,5.7
2295,12/24/2017 22:39,7606,5.6
2296,12/24/2017 22:54,7438,5.5
2297,12/24/2017 23:09,7487,5.5
2298,12/24/2017 23:24,7514,5.5
2299,12/24/2017 23:39,7375,5.4
2300,12/24/2017 23:54,6967,5.1
2301,12/25/2017 0:09,6658,4.9
2302,12/25/2017 0:24,6399,4.7
2303,12/25/2017 0:39,6189,4.6
2304,12/25/2017 0:54,6141,4.6
2305,12/25/2017 1:09,6040,4.5
2306,12/25/2017 1:24,5924,4.4
2307,12/25/2017 1:39,5581,4.2
2308,12/25/2017 1:54,5258,3.9
2309,12/25/2017 2:09,4941,3.7
2310,12/25/2017 2:24,4644,3.5
2311,12/25/2017 2:39,4178,3.2
2312,12/25/2017 2:54,3784,2.9
2313,12/25/2017 3:09,3532,2.7
2314,12/25/2017 3:24,3280,2.6
2315,12/25/2017 3:39,2990,2.4
2316,12/25/2017 3:54,2694,2.2
2317,12/25/2017 4:09,2757,2.2
2318,12/25/2017 4:24,2632,2.1
2319,12/25/2017 4:39,2351,1.9
2320,12/25/2017 4:54,2134,1.8
2321,12/25/2017 5:09,2059,1.7
2322,12/25/2017 5:24,1880,1.6
2323,12/25/2017 5:39,1955,1.7
2324,12/25/2017 5:54,1915,1.6
2325,12/25/2017 6:09,1919,1.6
2326,12/25/2017 6:24,1955,1.7
2327,12/25/2017 6:40,2087,1.7
2328,12/25/2017 6:55,2195,1.8
2329,12/25/2017 7:10,2106,1.8
2330,12/25/2017 7:25,2085,1.7
2331,12/25/2017 7:40,2208,1.8
2332,12/25/2017 7:55,2117,1.8
2333,12/25/2017 8:10,2176,1.8
2334,12/25/2017 8:25,2025,1.7
2335,12/25/2017 8:40,2214,1.8
2336,12/25/2017 8:55,2226,1.8
2337,12/25/2017 9:10,2477,2
2338,12/25/2017 9:25,2380,2
2339,12/25/2017 9:40,2579,2.1
2340,12/25/2017 9:55,2787,2.2
2341,12/25/2017 10:10,3077,2.4
2342,12/25/2017 10:25,3153,2.5
2343,12/25/2017 10:40,3425,2.7
2344,12/25/2017 10:55,3469,2.7
2345,12/25/2017 11:10,3781,2.9
2346,12/25/2017 11:25,3919,3
2347,12/25/2017 11:40,4120,3.2
2348,12/25/2017 11:55,4250,3.2
2349,12/25/2017 12:10,4524,3.4
2350,12/25/2017 12:25,4431,3.4
2351,12/25/2017 12:40,4569,3.5
2352,12/25/2017 12:55,4691,3.6
2353,12/25/2017 13:10,4953,3.7
2354,12/25/2017 13:25,4906,3.7
2355,12/25/2017 13:40,5042,3.8
2356,12/25/2017 13:55,5110,3.8
2357,12/25/2017 14:10,5359,4
2358,12/25/2017 14:25,5405,4
2359,12/25/2017 14:40,5516,4.1
2360,12/25/2017 14:55,5523,4.1
2361,12/25/2017 15:10,5904,4.4
2362,12/25/2017 15:25,5810,4.3
2363,12/25/2017 15:40,5926,4.4
2364,12/25/2017 15:55,5927,4.4
2365,12/25/2017 16:10,6066,4.5
2366,12/25/2017 16:25,6071,4.5
2367,12/25/2017 16:40,6084,4.5
2368,12/25/2017 16:55,6090,4.5
2369,12/25/2017 17:10,6403,4.7
2370,12/25/2017 17:25,6358,4.7
2371,12/25/2017 17:40,6526,4.8
2372,12/25/2017 17:55,6470,4.8
2373,12/25/2017 18:10,6643,4.9
2374,12/25/2017 18:25,6566,4.9
2375,12/25/2017 18:40,6666,4.9
2376,12/25/2017 18:55,6685,4.9
2377,12/25/2017 19:10,6609,4.9
2378,12/25/2017 19:25,6629,4.9
2379,12/25/2017 19:40,6600,4.9
2380,12/25/2017 19:55,6404,4.7
2381,12/25/2017 20:10,6629,4.9
2382,12/25/2017 20:25,6476,4.8
2383,12/25/2017 20:40,6322,4.7
2384,12/25/2017 20:55,6631,4.9
2385,12/25/2017 21:11,6520,4.8
2386,12/25/2017 21:26,6527,4.8
2387,12/25/2017 21:41,6484,4.8
2388,12/25/2017 21:56,6600,4.9
2389,12/25/2017 22:11,6466,4.8
2390,12/25/2017 22:26,6488,4.8
2391,12/25/2017 22:41,6234,4.6
2392,12/25/2017 22:56,6326,4.7
2393,12/25/2017 23:11,5969,4.4
2394,12/25/2017 23:26,5843,4.3
2395,12/25/2017 23:41,5336,4
2396,12/25/2017 23:56,5154,3.9
2397,12/26/2017 0:11,4943,3.7
2398,12/26/2017 0:26,4279,3.3
2399,12/26/2017 0:41,3612,2.8
2400,12/26/2017 0:56,3418,2.7
2401,12/26/2017 1:11,3059,2.4
2402,12/26/2017 1:26,2692,2.2
2403,12/26/2017 1:41,2425,2
2404,12/26/2017 1:56,2222,1.8
2405,12/26/2017 2:11,1968,1.7
2406,12/26/2017 2:26,1826,1.6
2407,12/26/2017 2:41,1642,1.4
2408,12/26/2017 2:56,1396,1.3
2409,12/26/2017 3:11,1320,1.2
2410,12/26/2017 3:26,1182,1.1
2411,12/26/2017 3:41,1180,1.1
2412,12/26/2017 3:56,1209,1.1
2413,12/26/2017 4:11,1331,1.2
2414,12/26/2017 4:26,1323,1.2
2415,12/26/2017 4:41,1416,1.3
2416,12/26/2017 4:56,1335,1.2
2417,12/26/2017 5:11,1436,1.3
2418,12/26/2017 5:26,1609,1.4
2419,12/26/2017 5:41,1838,1.6
2420,12/26/2017 5:56,1980,1.7
2421,12/26/2017 6:11,2253,1.9
2422,12/26/2017 6:26,2448,2
2423,12/26/2017 6:41,2776,2.2
2424,12/26/2017 6:56,3019,2.4
2425,12/26/2017 7:11,3157,2.5
2426,12/26/2017 7:26,3463,2.7
2427,12/26/2017 7:41,3989,3.1
2428,12/26/2017 7:56,4258,3.3
2429,12/26/2017 8:11,4425,3.4
2430,12/26/2017 8:26,4760,3.6
2431,12/26/2017 8:41,5161,3.9
2432,12/26/2017 8:56,5630,4.2
2433,12/26/2017 9:11,5266,4
2434,12/26/2017 9:26,4981,3.8
2435,12/26/2017 9:41,5154,3.9
2436,12/26/2017 9:56,5337,4
2437,12/26/2017 10:11,5300,4
2438,12/26/2017 10:26,4996,3.8
2439,12/26/2017 10:42,5258,3.9
2440,12/26/2017 10:57,5161,3.9
2441,12/26/2017 11:12,5249,3.9
2442,12/26/2017 11:27,5186,3.9
2443,12/26/2017 11:42,5507,4.1
2444,12/26/2017 11:57,5551,4.1
2445,12/26/2017 12:12,5784,4.3
2446,12/26/2017 12:27,5417,4.1
2447,12/26/2017 12:42,5734,4.3
2448,12/26/2017 12:57,5615,4.2
2449,12/26/2017 13:12,5951,4.4
2450,12/26/2017 13:27,5670,4.2
2451,12/26/2017 13:42,5968,4.4
2452,12/26/2017 13:57,5836,4.3
2453,12/26/2017 14:12,6173,4.6
2454,12/26/2017 14:27,5961,4.4
2455,12/26/2017 14:42,6155,4.6
2456,12/26/2017 14:57,6137,4.6
2457,12/26/2017 15:12,6385,4.7
2458,12/26/2017 15:27,6163,4.6
2459,12/26/2017 15:42,6487,4.8
2460,12/26/2017 15:57,6441,4.8
2461,12/26/2017 16:12,6563,4.8
2462,12/26/2017 16:27,6551,4.8
2463,12/26/2017 16:42,6571,4.9
2464,12/26/2017 16:57,6857,5.1
2465,12/26/2017 17:12,7536,5.5
2466,12/26/2017 17:27,7366,5.4
2467,12/26/2017 17:42,7482,5.5
2468,12/26/2017 17:57,7444,5.5
2469,12/26/2017 18:12,7773,5.7
2470,12/26/2017 18:27,7768,5.7
2471,12/26/2017 18:42,7705,5.6
2472,12/26/2017 18:57,7537,5.5
2473,12/26/2017 19:12,7626,5.6
2474,12/26/2017 19:27,7460,5.5
2475,12/26/2017 19:42,7129,5.2
2476,12/26/2017 19:57,6748,5
2477,12/26/2017 20:12,6816,5
2478,12/26/2017 20:27,6594,4.9
2479,12/26/2017 20:42,6524,4.8
2480,12/26/2017 20:57,6428,4.8
2481,12/26/2017 21:12,6605,4.9
2482,12/26/2017 21:27,6532,4.8
2483,12/26/2017 21:42,6375,4.7
2484,12/26/2017 21:57,6534,4.8
2485,12/26/2017 22:12,6612,4.9
2486,12/26/2017 22:27,6069,4.5
2487,12/26/2017 22:42,6115,4.5
2488,12/26/2017 22:57,5780,4.3
2489,12/26/2017 23:12,5670,4.2
2490,12/26/2017 23:27,5283,4
2491,12/26/2017 23:42,4887,3.7
2492,12/26/2017 23:57,4626,3.5
2493,12/27/2017 0:12,4519,3.4
2494,12/27/2017 0:27,3911,3
2495,12/27/2017 0:42,3581,2.8
2496,12/27/2017 0:57,3116,2.5
2497,12/27/2017 1:12,2743,2.2
2498,12/27/2017 1:28,2315,1.9
2499,12/27/2017 1:43,2285,1.9
2500,12/27/2017 1:58,2006,1.7
2501,12/27/2017 2:13,1870,1.6
2502,12/27/2017 2:28,1661,1.5
2503,12/27/2017 2:43,1451,1.3
2504,12/27/2017 2:58,1346,1.2
2505,12/27/2017 3:13,1291,1.2
2506,12/27/2017 3:28,1124,1.1
2507,12/27/2017 3:43,1220,1.1
2508,12/27/2017 3:58,1244,1.2
2509,12/27/2017 4:13,1421,1.3
2510,12/27/2017 4:28,1407,1.3
2511,12/27/2017 4:43,1475,1.3
2512,12/27/2017 4:58,1368,1.3
2513,12/27/2017 5:13,1547,1.4
2514,12/27/2017 5:28,1663,1.5
2515,12/27/2017 5:43,2060,1.7
2516,12/27/2017 5:58,2092,1.8
2517,12/27/2017 6:13,2588,2.1
2518,12/27/2017 6:28,2769,2.2
2519,12/27/2017 6:43,3146,2.5
2520,12/27/2017 6:58,3299,2.6
2521,12/27/2017 7:13,3673,2.8
2522,12/27/2017 7:28,3745,2.9
2523,12/27/2017 7:43,4534,3.4
2524,12/27/2017 7:58,5021,3.8
2525,12/27/2017 8:13,5323,4
2526,12/27/2017 8:28,5799,4.3
2527,12/27/2017 8:43,6651,4.9
2528,12/27/2017 8:58,6854,5.1
2529,12/27/2017 9:13,6500,4.8
2530,12/27/2017 9:28,6154,4.6
2531,12/27/2017 9:43,6341,4.7
2532,12/27/2017 9:58,6117,4.5
2533,12/27/2017 10:13,6106,4.5
2534,12/27/2017 10:28,5902,4.4
2535,12/27/2017 10:43,6109,4.5
2536,12/27/2017 10:58,5921,4.4
2537,12/27/2017 11:13,6151,4.6
2538,12/27/2017 11:28,5896,4.4
2539,12/27/2017 11:43,6061,4.5
2540,12/27/2017 11:58,6054,4.5
2541,12/27/2017 12:13,6240,4.6
2542,12/27/2017 12:28,6189,4.6
2543,12/27/2017 12:43,6528,4.8
2544,12/27/2017 12:58,6416,4.7
2545,12/27/2017 13:13,6652,4.9
2546,12/27/2017 13:28,6554,4.8
2547,12/27/2017 13:43,6572,4.9
2548,12/27/2017 13:58,6450,4.8
2549,12/27/2017 14:13,6764,5
2550,12/27/2017 14:28,6576,4.9
2551,12/27/2017 14:43,6933,5.1
2552,12/27/2017 14:58,6828,5
2553,12/27/2017 15:13,6950,5.1
2554,12/27/2017 15:28,6817,5
2555,12/27/2017 15:43,7100,5.2
2556,12/27/2017 15:58,7125,5.2
2557,12/27/2017 16:14,7385,5.4
2558,12/27/2017 16:29,7215,5.3
2559,12/27/2017 16:44,7399,5.4
2560,12/27/2017 16:59,7403,5.4
2561,12/27/2017 17:14,8269,6
2562,12/27/2017 17:29,8319,6.1
2563,12/27/2017 17:44,8510,6.2
2564,12/27/2017 17:59,8580,6.2
2565,12/27/2017 18:14,8715,6.3
2566,12/27/2017 18:29,8721,6.3
2567,12/27/2017 18:44,8738,6.4
2568,12/27/2017 18:59,8806,6.4
2569,12/27/2017 19:14,8859,6.4
2570,12/27/2017 19:29,8790,6.4
2571,12/27/2017 19:44,8603,6.3
2572,12/27/2017 19:59,8092,5.9
2573,12/27/2017 20:14,8248,6
2574,12/27/2017 20:29,7795,5.7
2575,12/27/2017 20:44,7654,5.6
2576,12/27/2017 20:59,7550,5.5
2577,12/27/2017 21:14,7695,5.6
2578,12/27/2017 21:29,7873,5.8
2579,12/27/2017 21:44,7759,5.7
2580,12/27/2017 21:59,7575,5.5
2581,12/27/2017 22:14,7735,5.7
2582,12/27/2017 22:29,7686,5.6
2583,12/27/2017 22:44,7301,5.4
2584,12/27/2017 22:59,7120,5.2
2585,12/27/2017 23:14,7117,5.2
2586,12/27/2017 23:29,6750,5
2587,12/27/2017 23:44,6344,4.7
2588,12/27/2017 23:59,5968,4.4
2589,12/28/2017 0:14,5670,4.2
2590,12/28/2017 0:29,4794,3.6
2591,12/28/2017 0:44,4144,3.2
2592,12/28/2017 0:59,3776,2.9
2593,12/28/2017 1:14,3462,2.7
2594,12/28/2017 1:29,3050,2.4
2595,12/28/2017 1:44,2690,2.2
2596,12/28/2017 1:59,2560,2.1
2597,12/28/2017 2:14,2424,2
2598,12/28/2017 2:29,1998,1.7
2599,12/28/2017 2:44,1727,1.5
2600,12/28/2017 2:59,1651,1.4
2601,12/28/2017 3:14,1539,1.4
2602,12/28/2017 3:29,1446,1.3
2603,12/28/2017 3:44,1448,1.3
2604,12/28/2017 3:59,1401,1.3
2605,12/28/2017 4:14,1637,1.4
2606,12/28/2017 4:29,1601,1.4
2607,12/28/2017 4:44,1620,1.4
2608,12/28/2017 4:59,1535,1.4
2609,12/28/2017 5:14,1720,1.5
2610,12/28/2017 5:29,1817,1.6
2611,12/28/2017 5:44,2159,1.8
2612,12/28/2017 5:59,2351,1.9
2613,12/28/2017 6:14,2714,2.2
2614,12/28/2017 6:30,3075,2.4
2615,12/28/2017 6:45,3635,2.8
2616,12/28/2017 7:00,3738,2.9
2617,12/28/2017 7:15,3801,2.9
2618,12/28/2017 7:30,4308,3.3
2619,12/28/2017 7:45,4907,3.7
2620,12/28/2017 8:00,5568,4.2
2621,12/28/2017 8:15,5795,4.3
2622,12/28/2017 8:30,6456,4.8
2623,12/28/2017 8:45,7153,5.3
2624,12/28/2017 9:00,7474,5.5
2625,12/28/2017 9:15,7017,5.2
2626,12/28/2017 9:30,7088,5.2
2627,12/28/2017 9:45,7247,5.3
2628,12/28/2017 10:00,7476,5.5
2629,12/28/2017 10:15,6891,5.1
2630,12/28/2017 10:30,6540,4.8
2631,12/28/2017 10:45,6638,4.9
2632,12/28/2017 11:00,6813,5
2633,12/28/2017 11:15,6576,4.9
2634,12/28/2017 11:30,6833,5
2635,12/28/2017 11:45,6829,5
2636,12/28/2017 12:00,7325,5.4
2637,12/28/2017 12:15,7084,5.2
2638,12/28/2017 12:30,7192,5.3
2639,12/28/2017 12:45,7271,5.3
2640,12/28/2017 13:00,7200,5.3
2641,12/28/2017 13:15,7345,5.4
2642,12/28/2017 13:30,7407,5.4
2643,12/28/2017 13:45,7353,5.4
2644,12/28/2017 14:00,7543,5.5
2645,12/28/2017 14:15,7704,5.6
2646,12/28/2017 14:30,7717,5.6
2647,12/28/2017 14:45,7931,5.8
2648,12/28/2017 15:00,7986,5.8
2649,12/28/2017 15:15,7864,5.7
2650,12/28/2017 15:30,8027,5.9
2651,12/28/2017 15:45,8074,5.9
2652,12/28/2017 16:00,8075,5.9
2653,12/28/2017 16:15,8470,6.2
2654,12/28/2017 16:30,8500,6.2
2655,12/28/2017 16:45,8080,5.9
2656,12/28/2017 17:00,8894,6.5
2657,12/28/2017 17:15,9870,7.1
2658,12/28/2017 17:30,9713,7
2659,12/28/2017 17:45,10007,7.2
2660,12/28/2017 18:00,9955,7.2
2661,12/28/2017 18:15,10184,7.4
2662,12/28/2017 18:30,9843,7.1
2663,12/28/2017 18:45,9976,7.2
2664,12/28/2017 19:00,10234,7.4
2665,12/28/2017 19:15,10183,7.4
2666,12/28/2017 19:30,10200,7.4
2667,12/28/2017 19:45,9531,6.9
2668,12/28/2017 20:00,9417,6.8
2669,12/28/2017 20:15,9137,6.6
2670,12/28/2017 20:30,9013,6.5
2671,12/28/2017 20:45,8550,6.2
2672,12/28/2017 21:00,8504,6.2
2673,12/28/2017 21:15,8574,6.2
2674,12/28/2017 21:31,8841,6.4
2675,12/28/2017 21:46,8557,6.2
2676,12/28/2017 22:01,8658,6.3
2677,12/28/2017 22:16,8833,6.4
2678,12/28/2017 22:31,8476,6.2
2679,12/28/2017 22:46,8239,6
2680,12/28/2017 23:01,7780,5.7
2681,12/28/2017 23:16,8016,5.9
2682,12/28/2017 23:31,7429,5.4
2683,12/28/2017 23:46,7101,5.2
2684,12/29/2017 0:01,6738,5
2685,12/29/2017 0:16,6532,4.8
2686,12/29/2017 0:31,5500,4.1
2687,12/29/2017 0:46,4938,3.7
2688,12/29/2017 1:01,4573,3.5
2689,12/29/2017 1:16,4129,3.2
2690,12/29/2017 1:31,3815,2.9
2691,12/29/2017 1:46,3435,2.7
2692,12/29/2017 2:01,3190,2.5
2693,12/29/2017 2:16,2863,2.3
2694,12/29/2017 2:31,2498,2
2695,12/29/2017 2:46,2406,2
2696,12/29/2017 3:01,2137,1.8
2697,12/29/2017 3:16,2010,1.7
2698,12/29/2017 3:31,1904,1.6
2699,12/29/2017 3:46,1832,1.6
2700,12/29/2017 4:01,1983,1.7
2701,12/29/2017 4:16,2021,1.7
2702,12/29/2017 4:31,1974,1.7
2703,12/29/2017 4:46,1987,1.7
2704,12/29/2017 5:01,1826,1.6
2705,12/29/2017 5:16,1896,1.6
2706,12/29/2017 5:31,2110,1.8
2707,12/29/2017 5:46,2471,2
2708,12/29/2017 6:01,2735,2.2
2709,12/29/2017 6:16,2892,2.3
2710,12/29/2017 6:31,3246,2.6
2711,12/29/2017 6:46,3619,2.8
2712,12/29/2017 7:01,3911,3
2713,12/29/2017 7:16,4188,3.2
2714,12/29/2017 7:31,4668,3.5
2715,12/29/2017 7:46,5449,4.1
2716,12/29/2017 8:01,5812,4.3
2717,12/29/2017 8:16,6115,4.5
2718,12/29/2017 8:31,6689,4.9
2719,12/29/2017 8:46,7291,5.4
2720,12/29/2017 9:01,7635,5.6
2721,12/29/2017 9:16,7202,5.3
2722,12/29/2017 9:31,7238,5.3
2723,12/29/2017 9:46,7332,5.4
2724,12/29/2017 10:01,7376,5.4
2725,12/29/2017 10:16,6855,5.1
2726,12/29/2017 10:31,7009,5.2
2727,12/29/2017 10:46,7115,5.2
2728,12/29/2017 11:01,7226,5.3
2729,12/29/2017 11:16,6950,5.1
2730,12/29/2017 11:31,7190,5.3
2731,12/29/2017 11:47,7310,5.4
2732,12/29/2017 12:02,7523,5.5
2733,12/29/2017 12:17,7555,5.5
2734,12/29/2017 12:32,7456,5.5
2735,12/29/2017 12:47,7647,5.6
2736,12/29/2017 13:02,7879,5.8
2737,12/29/2017 13:17,7765,5.7
2738,12/29/2017 13:32,7864,5.7
2739,12/29/2017 13:47,7965,5.8
2740,12/29/2017 14:02,8102,5.9
2741,12/29/2017 14:17,8068,5.9
2742,12/29/2017 14:32,8115,5.9
2743,12/29/2017 14:47,8125,5.9
2744,12/29/2017 15:02,8039,5.9
2745,12/29/2017 15:17,8345,6.1
2746,12/29/2017 15:32,8570,6.2
2747,12/29/2017 15:47,8709,6.3
2748,12/29/2017 16:02,8781,6.4
2749,12/29/2017 16:17,9000,6.5
2750,12/29/2017 16:32,8871,6.4
2751,12/29/2017 16:47,8852,6.4
2752,12/29/2017 17:02,9033,6.6
2753,12/29/2017 17:17,9641,7
2754,12/29/2017 17:32,9764,7.1
2755,12/29/2017 17:47,9899,7.2
2756,12/29/2017 18:02,10059,7.3
2757,12/29/2017 18:17,10399,7.5
2758,12/29/2017 18:32,10455,7.5
2759,12/29/2017 18:47,10761,7.8
2760,12/29/2017 19:02,10653,7.7
2761,12/29/2017 19:17,10868,7.8
2762,12/29/2017 19:32,10963,7.9
2763,12/29/2017 19:47,10628,7.7
2764,12/29/2017 20:02,10221,7.4
2765,12/29/2017 20:17,10098,7.3
2766,12/29/2017 20:32,9774,7.1
2767,12/29/2017 20:47,9582,6.9
2768,12/29/2017 21:02,9403,6.8
2769,12/29/2017 21:17,9668,7
2770,12/29/2017 21:32,9416,6.8
2771,12/29/2017 21:47,9573,6.9
2772,12/29/2017 22:02,9532,6.9
2773,12/29/2017 22:17,9795,7.1
2774,12/29/2017 22:32,9715,7
2775,12/29/2017 22:47,9788,7.1
2776,12/29/2017 23:02,9541,6.9
2777,12/29/2017 23:17,9705,7
2778,12/29/2017 23:32,9602,7
2779,12/29/2017 23:47,9597,7
2780,12/30/2017 0:02,9000,6.5
2781,12/30/2017 0:17,8674,6.3
2782,12/30/2017 0:32,8045,5.9
2783,12/30/2017 0:47,7609,5.6
2784,12/30/2017 1:02,7179,5.3
2785,12/30/2017 1:17,6841,5
2786,12/30/2017 1:32,6395,4.7
2787,12/30/2017 1:47,5895,4.4
2788,12/30/2017 2:02,5528,4.1
2789,12/30/2017 2:17,5114,3.8
2790,12/30/2017 2:32,4730,3.6
2791,12/30/2017 2:48,4386,3.3
2792,12/30/2017 3:03,4080,3.1
2793,12/30/2017 3:18,3922,3
2794,12/30/2017 3:33,3710,2.9
2795,12/30/2017 3:48,3527,2.7
2796,12/30/2017 4:03,3542,2.8
2797,12/30/2017 4:18,3533,2.7
2798,12/30/2017 4:33,3287,2.6
2799,12/30/2017 4:48,2923,2.3
2800,12/30/2017 5:03,2640,2.1
2801,12/30/2017 5:18,2537,2.1
2802,12/30/2017 5:33,2264,1.9
2803,12/30/2017 5:48,2373,1.9
2804,12/30/2017 6:03,2370,1.9
2805,12/30/2017 6:18,2458,2
2806,12/30/2017 6:33,2492,2
2807,12/30/2017 6:48,2829,2.3
2808,12/30/2017 7:03,2766,2.2
2809,12/30/2017 7:18,2750,2.2
2810,12/30/2017 7:33,2959,2.4
2811,12/30/2017 7:48,3374,2.6
2812,12/30/2017 8:03,3381,2.6
2813,12/30/2017 8:18,3403,2.7
2814,12/30/2017 8:33,3746,2.9
2815,12/30/2017 8:48,4194,3.2
2816,12/30/2017 9:03,4467,3.4
2817,12/30/2017 9:18,4662,3.5
2818,12/30/2017 9:33,5124,3.9
2819,12/30/2017 9:48,5664,4.2
2820,12/30/2017 10:03,5920,4.4
2821,12/30/2017 10:18,5831,4.3
2822,12/30/2017 10:33,6110,4.5
2823,12/30/2017 10:48,6345,4.7
2824,12/30/2017 11:03,6594,4.9
2825,12/30/2017 11:18,6782,5
2826,12/30/2017 11:33,7025,5.2
2827,12/30/2017 11:48,7350,5.4
2828,12/30/2017 12:03,7383,5.4
2829,12/30/2017 12:18,7412,5.4
2830,12/30/2017 12:33,7491,5.5
2831,12/30/2017 12:48,7619,5.6
2832,12/30/2017 13:03,7933,5.8
2833,12/30/2017 13:18,7808,5.7
2834,12/30/2017 13:33,7972,5.8
2835,12/30/2017 13:48,7946,5.8
2836,12/30/2017 14:03,7838,5.7
2837,12/30/2017 14:18,7781,5.7
2838,12/30/2017 14:33,7888,5.8
2839,12/30/2017 14:48,7772,5.7
2840,12/30/2017 15:03,7557,5.5
2841,12/30/2017 15:18,7765,5.7
2842,12/30/2017 15:33,7827,5.7
2843,12/30/2017 15:48,7799,5.7
2844,12/30/2017 16:03,8048,5.9
2845,12/30/2017 16:18,7983,5.8
2846,12/30/2017 16:33,8077,5.9
2847,12/30/2017 16:48,8400,6.1
2848,12/30/2017 17:03,8378,6.1
2849,12/30/2017 17:18,8805,6.4
2850,12/30/2017 17:34,8840,6.4
2851,12/30/2017 17:49,9033,6.6
2852,12/30/2017 18:04,9084,6.6
2853,12/30/2017 18:19,9206,6.7
2854,12/30/2017 18:34,9324,6.8
2855,12/30/2017 18:49,9532,6.9
2856,12/30/2017 19:04,9643,7
2857,12/30/2017 19:19,9844,7.1
2858,12/30/2017 19:34,9970,7.2
2859,12/30/2017 19:49,9656,7
2860,12/30/2017 20:04,9562,6.9
2861,12/30/2017 20:19,9297,6.7
2862,12/30/2017 20:34,8711,6.3
2863,12/30/2017 20:49,8630,6.3
2864,12/30/2017 21:04,8832,6.4
2865,12/30/2017 21:19,8836,6.4
2866,12/30/2017 21:34,8702,6.3
2867,12/30/2017 21:49,8851,6.4
2868,12/30/2017 22:04,8964,6.5
2869,12/30/2017 22:19,9228,6.7
2870,12/30/2017 22:34,9117,6.6
2871,12/30/2017 22:49,9256,6.7
2872,12/30/2017 23:04,9260,6.7
2873,12/30/2017 23:19,9329,6.8
2874,12/30/2017 23:34,9215,6.7
2875,12/30/2017 23:49,9253,6.7
2876,12/31/2017 0:04,8694,6.3
2877,12/31/2017 0:19,8724,6.3
2878,12/31/2017 0:34,8053,5.9
2879,12/31/2017 0:49,7324,5.4
2880,12/31/2017 1:04,6767,5
2881,12/31/2017 1:19,6758,5
2882,12/31/2017 1:34,6423,4.8
2883,12/31/2017 1:49,5774,4.3
2884,12/31/2017 2:04,5253,3.9
2885,12/31/2017 2:19,4978,3.8
2886,12/31/2017 2:34,4554,3.5
2887,12/31/2017 2:49,4296,3.3
2888,12/31/2017 3:04,4052,3.1
2889,12/31/2017 3:19,3896,3
2890,12/31/2017 3:34,3534,2.8
2891,12/31/2017 3:49,3463,2.7
2892,12/31/2017 4:04,3367,2.6
2893,12/31/2017 4:19,3341,2.6
2894,12/31/2017 4:34,2993,2.4
2895,12/31/2017 4:49,2819,2.3
2896,12/31/2017 5:04,2363,1.9
2897,12/31/2017 5:19,2118,1.8
2898,12/31/2017 5:34,2048,1.7
2899,12/31/2017 5:49,2015,1.7
2900,12/31/2017 6:04,2084,1.7
2901,12/31/2017 6:19,2027,1.7
2902,12/31/2017 6:34,2144,1.8
2903,12/31/2017 6:49,2329,1.9
2904,12/31/2017 7:04,2349,1.9
2905,12/31/2017 7:19,2416,2
2906,12/31/2017 7:34,2602,2.1
2907,12/31/2017 7:49,2880,2.3
2908,12/31/2017 8:04,3002,2.4
2909,12/31/2017 8:19,2952,2.3
2910,12/31/2017 8:35,3213,2.5
2911,12/31/2017 8:50,3622,2.8
2912,12/31/2017 9:05,3919,3
2913,12/31/2017 9:20,4198,3.2
2914,12/31/2017 9:35,4475,3.4
2915,12/31/2017 9:50,5053,3.8
2916,12/31/2017 10:05,5241,3.9
2917,12/31/2017 10:20,5557,4.2
2918,12/31/2017 10:35,5793,4.3
2919,12/31/2017 10:50,6374,4.7
2920,12/31/2017 11:05,6369,4.7
2921,12/31/2017 11:20,6398,4.7
2922,12/31/2017 11:35,6489,4.8
2923,12/31/2017 11:50,6816,5
2924,12/31/2017 12:05,6804,5
2925,12/31/2017 12:20,6937,5.1
2926,12/31/2017 12:35,6951,5.1
2927,12/31/2017 12:50,7112,5.2
2928,12/31/2017 13:05,7336,5.4
2929,12/31/2017 13:20,7441,5.5
2930,12/31/2017 13:35,7662,5.6
2931,12/31/2017 13:50,7810,5.7
2932,12/31/2017 14:05,7842,5.7
2933,12/31/2017 14:20,7789,5.7
2934,12/31/2017 14:35,7759,5.7
2935,12/31/2017 14:50,8093,5.9
2936,12/31/2017 15:05,8015,5.9
2937,12/31/2017 15:20,8197,6
2938,12/31/2017 15:35,8394,6.1
2939,12/31/2017 15:50,8535,6.2
2940,12/31/2017 16:05,8462,6.2
2941,12/31/2017 16:20,8588,6.3
2942,12/31/2017 16:35,8786,6.4
2943,12/31/2017 16:50,8908,6.5
2944,12/31/2017 17:05,9254,6.7
2945,12/31/2017 17:20,9676,7
2946,12/31/2017 17:35,10005,7.2
2947,12/31/2017 17:50,10290,7.4
2948,12/31/2017 18:05,10540,7.6
2949,12/31/2017 18:20,11011,7.9
2950,12/31/2017 18:35,11424,8.2
2951,12/31/2017 18:50,11574,8.3
2952,12/31/2017 19:05,12309,8.8
2953,12/31/2017 19:20,13320,9.5
2954,12/31/2017 19:35,13968,10
2955,12/31/2017 19:50,14267,10
2956,12/31/2017 20:05,14921,10
2957,12/31/2017 20:20,15466,10
2958,12/31/2017 20:35,15568,10
2959,12/31/2017 20:50,15828,10
2960,12/31/2017 21:05,15814,10
2961,12/31/2017 21:20,16232,10
2962,12/31/2017 21:35,16306,10
2963,12/31/2017 21:50,16124,10
2964,12/31/2017 22:05,15998,10
2965,12/31/2017 22:20,15762,10
2966,12/31/2017 22:35,15331,10
2967,12/31/2017 22:50,14499,10
2968,12/31/2017 23:05,13923,9.9
2969,12/31/2017 23:21,13227,9.5
2970,12/31/2017 23:36,11792,8.5
2971,12/31/2017 23:51,7473,5.5
